-- MySQL Script generated by MySQL Workbench
-- Mon Nov 19 12:06:26 2018
-- Model: New Model    Version: 1.0
-- MySQL Workbench Forward Engineering

SET @OLD_UNIQUE_CHECKS=@@UNIQUE_CHECKS, UNIQUE_CHECKS=0;
SET @OLD_FOREIGN_KEY_CHECKS=@@FOREIGN_KEY_CHECKS, FOREIGN_KEY_CHECKS=0;
SET @OLD_SQL_MODE=@@SQL_MODE, SQL_MODE='ONLY_FULL_GROUP_BY,STRICT_TRANS_TABLES,NO_ZERO_IN_DATE,NO_ZERO_DATE,ERROR_FOR_DIVISION_BY_ZERO,NO_ENGINE_SUBSTITUTION';

-- -----------------------------------------------------
-- Schema galardonados
-- -----------------------------------------------------

-- -----------------------------------------------------
-- Schema galardonados
-- -----------------------------------------------------
CREATE SCHEMA IF NOT EXISTS `galardonados` DEFAULT CHARACTER SET utf8 ;
USE `galardonados` ;

-- -----------------------------------------------------
-- Table `galardonados`.`Representante`
-- -----------------------------------------------------
DROP TABLE IF EXISTS `galardonados`.`Representante` ;

CREATE TABLE IF NOT EXISTS `galardonados`.`Representante` (
  `RFC_Galardonado` VARCHAR(45) NOT NULL,
  `Nombre` VARCHAR(45) NULL,
  `Paterno` VARCHAR(45) NULL,
  `Materno` VARCHAR(45) NULL,
  PRIMARY KEY (`RFC_Galardonado`))
ENGINE = InnoDB;


-- -----------------------------------------------------
-- Table `galardonados`.`Unidad_Academica`
-- -----------------------------------------------------
DROP TABLE IF EXISTS `galardonados`.`Unidad_Academica` ;

CREATE TABLE IF NOT EXISTS `galardonados`.`Unidad_Academica` (
  `ID` INT NOT NULL,
  `Unidad_Academica` VARCHAR(80) CHARACTER SET 'DEFAULT' NULL,
  PRIMARY KEY (`ID`))
ENGINE = InnoDB;


-- -----------------------------------------------------
-- Table `galardonados`.`Galardon`
-- -----------------------------------------------------
DROP TABLE IF EXISTS `galardonados`.`Galardon` ;

CREATE TABLE IF NOT EXISTS `galardonados`.`Galardon` (
  `ID` INT NOT NULL,
  `Galardon` VARCHAR(45) NULL,
  PRIMARY KEY (`ID`))
ENGINE = InnoDB;


-- -----------------------------------------------------
-- Table `galardonados`.`Galardonado`
-- -----------------------------------------------------
DROP TABLE IF EXISTS `galardonados`.`Galardonado` ;

CREATE TABLE IF NOT EXISTS `galardonados`.`Galardonado` (
  `RFC` VARCHAR(45) NOT NULL,
  `Nombre` VARCHAR(45) NOT NULL,
  `Paterno` VARCHAR(45) NULL,
  `Materno` VARCHAR(45) NULL,
  `Email` VARCHAR(45) NULL,
  `Unidad_Academica` INT NULL,
  `Galardon` INT NULL,
  `Asiento` VARCHAR(5) NULL,
  `Asistencia` INT NULL DEFAULT 0,
  `Observaciones` VARCHAR(100) NULL,
  PRIMARY KEY (`RFC`),
  INDEX `02_idx` (`Unidad_Academica` ASC) VISIBLE,
  INDEX `03_idx` (`Galardon` ASC) VISIBLE,
  CONSTRAINT `01`
    FOREIGN KEY (`RFC`)
    REFERENCES `galardonados`.`Representante` (`RFC_Galardonado`)
    ON DELETE CASCADE
    ON UPDATE CASCADE,
  CONSTRAINT `02`
    FOREIGN KEY (`Unidad_Academica`)
    REFERENCES `galardonados`.`Unidad_Academica` (`ID`)
    ON DELETE CASCADE
    ON UPDATE CASCADE,
  CONSTRAINT `03`
    FOREIGN KEY (`Galardon`)
    REFERENCES `galardonados`.`Galardon` (`ID`)
    ON DELETE CASCADE
    ON UPDATE CASCADE)
ENGINE = InnoDB;


-- -----------------------------------------------------
-- Table `galardonados`.`Acceso`
-- -----------------------------------------------------
DROP TABLE IF EXISTS `galardonados`.`Acceso` ;

CREATE TABLE IF NOT EXISTS `galardonados`.`Acceso` (
  `ID_Usuario` VARCHAR(45) NOT NULL,
  `Tipo` VARCHAR(45) NOT NULL,
  PRIMARY KEY (`ID_Usuario`, `Tipo`))
ENGINE = InnoDB;


-- -----------------------------------------------------
-- Table `galardonados`.`Usuario`
-- -----------------------------------------------------
DROP TABLE IF EXISTS `galardonados`.`Usuario` ;

CREATE TABLE IF NOT EXISTS `galardonados`.`Usuario` (
  `Usuario` VARCHAR(45) NOT NULL,
  `Password` VARCHAR(45) NULL,
  PRIMARY KEY (`Usuario`),
  CONSTRAINT `01`
    FOREIGN KEY (`Usuario`)
    REFERENCES `galardonados`.`Acceso` (`ID_Usuario`)
    ON DELETE CASCADE
    ON UPDATE CASCADE)
ENGINE = InnoDB;


-- -----------------------------------------------------
-- Table `galardonados`.`Empleado`
-- -----------------------------------------------------
DROP TABLE IF EXISTS `galardonados`.`Empleado` ;

CREATE TABLE IF NOT EXISTS `galardonados`.`Empleado` (
  `Numero_Empleado` INT NOT NULL,
  `Nombre` VARCHAR(45) NULL,
  `Paterno` VARCHAR(45) NULL,
  `Materno` VARCHAR(45) NULL,
  `Email` VARCHAR(45) NULL,
  `Usuario` VARCHAR(45) NULL,
  PRIMARY KEY (`Numero_Empleado`),
  INDEX `01_idx` (`Usuario` ASC) VISIBLE,
  CONSTRAINT `01`
    FOREIGN KEY (`Usuario`)
    REFERENCES `galardonados`.`Usuario` (`Usuario`)
    ON DELETE NO ACTION
    ON UPDATE NO ACTION)
ENGINE = InnoDB;


SET SQL_MODE=@OLD_SQL_MODE;
SET FOREIGN_KEY_CHECKS=@OLD_FOREIGN_KEY_CHECKS;
SET UNIQUE_CHECKS=@OLD_UNIQUE_CHECKS;

-- -----------------------------------------------------
-- Data for table `galardonados`.`Unidad_Academica`
-- -----------------------------------------------------
START TRANSACTION;
USE `galardonados`;
INSERT INTO `galardonados`.`Unidad_Academica` (`ID`, `Unidad_Academica`) VALUES (1, 'CECyT No.1 Gonzalo Vázquez Vela');
INSERT INTO `galardonados`.`Unidad_Academica` (`ID`, `Unidad_Academica`) VALUES (2, 'CECyT No.2 Miguel Bernard');
INSERT INTO `galardonados`.`Unidad_Academica` (`ID`, `Unidad_Academica`) VALUES (3, 'CECyT No.3 Estanislao Ramírez Ruiz');
INSERT INTO `galardonados`.`Unidad_Academica` (`ID`, `Unidad_Academica`) VALUES (4, 'CECyT No.4 Lázaro Cárdenas del Río');
INSERT INTO `galardonados`.`Unidad_Academica` (`ID`, `Unidad_Academica`) VALUES (5, 'CECyT No.5 Benito Juárez');
INSERT INTO `galardonados`.`Unidad_Academica` (`ID`, `Unidad_Academica`) VALUES (6, 'CECyT No.6 Miguel Othón de Mendizábal');
INSERT INTO `galardonados`.`Unidad_Academica` (`ID`, `Unidad_Academica`) VALUES (7, 'CECyT No.7 Cuauhtémoc');
INSERT INTO `galardonados`.`Unidad_Academica` (`ID`, `Unidad_Academica`) VALUES (8, 'CECyT No.8 Narciso Bassols');
INSERT INTO `galardonados`.`Unidad_Academica` (`ID`, `Unidad_Academica`) VALUES (9, 'CECyT No.9 Juan de Dios Bátiz');
INSERT INTO `galardonados`.`Unidad_Academica` (`ID`, `Unidad_Academica`) VALUES (10, 'CECyT No.10 Carlos Vallejo Márquez');
INSERT INTO `galardonados`.`Unidad_Academica` (`ID`, `Unidad_Academica`) VALUES (11, 'CECyT No.11 Wilfrido Massieu');
INSERT INTO `galardonados`.`Unidad_Academica` (`ID`, `Unidad_Academica`) VALUES (12, 'CECyT No.12 José María Morelos');
INSERT INTO `galardonados`.`Unidad_Academica` (`ID`, `Unidad_Academica`) VALUES (13, 'CECyT No.13 Ricardo Flores Magón');
INSERT INTO `galardonados`.`Unidad_Academica` (`ID`, `Unidad_Academica`) VALUES (14, 'CECyT No.14 Luis Enrique Erro Soler');
INSERT INTO `galardonados`.`Unidad_Academica` (`ID`, `Unidad_Academica`) VALUES (15, 'CECyT No.15 Diódoro Antúnez Echegaray');
INSERT INTO `galardonados`.`Unidad_Academica` (`ID`, `Unidad_Academica`) VALUES (16, 'CECyT No.16 Hidalgo');
INSERT INTO `galardonados`.`Unidad_Academica` (`ID`, `Unidad_Academica`) VALUES (17, 'CECyT No.17 León-Guanajuato');
INSERT INTO `galardonados`.`Unidad_Academica` (`ID`, `Unidad_Academica`) VALUES (18, 'CECyT No.18 Zacatecas');
INSERT INTO `galardonados`.`Unidad_Academica` (`ID`, `Unidad_Academica`) VALUES (19, 'CET 1 Walter Cross Buchanan');
INSERT INTO `galardonados`.`Unidad_Academica` (`ID`, `Unidad_Academica`) VALUES (20, 'CICS Unidad Santo Tomás');
INSERT INTO `galardonados`.`Unidad_Academica` (`ID`, `Unidad_Academica`) VALUES (21, 'CICS Unidad Milpa Alta');
INSERT INTO `galardonados`.`Unidad_Academica` (`ID`, `Unidad_Academica`) VALUES (22, 'ENCB');
INSERT INTO `galardonados`.`Unidad_Academica` (`ID`, `Unidad_Academica`) VALUES (23, 'ENMyH');
INSERT INTO `galardonados`.`Unidad_Academica` (`ID`, `Unidad_Academica`) VALUES (24, 'ESCA Unidad Santo Tomás');
INSERT INTO `galardonados`.`Unidad_Academica` (`ID`, `Unidad_Academica`) VALUES (25, 'ESCA Unidad Tepepan');
INSERT INTO `galardonados`.`Unidad_Academica` (`ID`, `Unidad_Academica`) VALUES (26, 'ESCOM');
INSERT INTO `galardonados`.`Unidad_Academica` (`ID`, `Unidad_Academica`) VALUES (27, 'ESE');
INSERT INTO `galardonados`.`Unidad_Academica` (`ID`, `Unidad_Academica`) VALUES (28, 'ESEO');
INSERT INTO `galardonados`.`Unidad_Academica` (`ID`, `Unidad_Academica`) VALUES (29, 'ESFM');
INSERT INTO `galardonados`.`Unidad_Academica` (`ID`, `Unidad_Academica`) VALUES (30, 'ESIME Unidad Zacatenco');
INSERT INTO `galardonados`.`Unidad_Academica` (`ID`, `Unidad_Academica`) VALUES (31, 'ESIME Unidad Azcapotzalco');
INSERT INTO `galardonados`.`Unidad_Academica` (`ID`, `Unidad_Academica`) VALUES (32, 'ESIME Unidad Culhuacán');
INSERT INTO `galardonados`.`Unidad_Academica` (`ID`, `Unidad_Academica`) VALUES (33, 'ESIME Unidad Ticomán');
INSERT INTO `galardonados`.`Unidad_Academica` (`ID`, `Unidad_Academica`) VALUES (34, 'ESIQIE');
INSERT INTO `galardonados`.`Unidad_Academica` (`ID`, `Unidad_Academica`) VALUES (35, 'ESIT');
INSERT INTO `galardonados`.`Unidad_Academica` (`ID`, `Unidad_Academica`) VALUES (36, 'ESIA Unidad Tecamachalco');
INSERT INTO `galardonados`.`Unidad_Academica` (`ID`, `Unidad_Academica`) VALUES (37, 'ESIA Unidad Ticomán');
INSERT INTO `galardonados`.`Unidad_Academica` (`ID`, `Unidad_Academica`) VALUES (38, 'ESIA Unidad Zacatenco');
INSERT INTO `galardonados`.`Unidad_Academica` (`ID`, `Unidad_Academica`) VALUES (39, 'ESM');
INSERT INTO `galardonados`.`Unidad_Academica` (`ID`, `Unidad_Academica`) VALUES (40, 'EST');
INSERT INTO `galardonados`.`Unidad_Academica` (`ID`, `Unidad_Academica`) VALUES (41, 'UPIBI');
INSERT INTO `galardonados`.`Unidad_Academica` (`ID`, `Unidad_Academica`) VALUES (42, 'UPIIG Campus Guanajuato');
INSERT INTO `galardonados`.`Unidad_Academica` (`ID`, `Unidad_Academica`) VALUES (43, 'UPIIZ Campus Zacatecas');
INSERT INTO `galardonados`.`Unidad_Academica` (`ID`, `Unidad_Academica`) VALUES (44, 'UPIIH Campus Hidalgo');
INSERT INTO `galardonados`.`Unidad_Academica` (`ID`, `Unidad_Academica`) VALUES (45, 'UPIICSA');
INSERT INTO `galardonados`.`Unidad_Academica` (`ID`, `Unidad_Academica`) VALUES (46, 'UPIITA');
INSERT INTO `galardonados`.`Unidad_Academica` (`ID`, `Unidad_Academica`) VALUES (47, 'CBG');
INSERT INTO `galardonados`.`Unidad_Academica` (`ID`, `Unidad_Academica`) VALUES (48, 'CEPROBI');
INSERT INTO `galardonados`.`Unidad_Academica` (`ID`, `Unidad_Academica`) VALUES (49, 'CIDETEC');
INSERT INTO `galardonados`.`Unidad_Academica` (`ID`, `Unidad_Academica`) VALUES (50, 'CIITEC');
INSERT INTO `galardonados`.`Unidad_Academica` (`ID`, `Unidad_Academica`) VALUES (51, 'CIBA Unidad Tlaxcala');
INSERT INTO `galardonados`.`Unidad_Academica` (`ID`, `Unidad_Academica`) VALUES (52, 'CICATA Unidad Querétaro');
INSERT INTO `galardonados`.`Unidad_Academica` (`ID`, `Unidad_Academica`) VALUES (53, 'CICATA Unidad Legaria');
INSERT INTO `galardonados`.`Unidad_Academica` (`ID`, `Unidad_Academica`) VALUES (54, 'CICATA Unidad Altamira');
INSERT INTO `galardonados`.`Unidad_Academica` (`ID`, `Unidad_Academica`) VALUES (55, 'CIC');
INSERT INTO `galardonados`.`Unidad_Academica` (`ID`, `Unidad_Academica`) VALUES (56, 'CITEDI Unidad Tijuana');
INSERT INTO `galardonados`.`Unidad_Academica` (`ID`, `Unidad_Academica`) VALUES (57, 'CIECAS');
INSERT INTO `galardonados`.`Unidad_Academica` (`ID`, `Unidad_Academica`) VALUES (58, 'Centro de Nanociencias y Micro y Nanotecnologías');
INSERT INTO `galardonados`.`Unidad_Academica` (`ID`, `Unidad_Academica`) VALUES (59, 'CICIMAR');
INSERT INTO `galardonados`.`Unidad_Academica` (`ID`, `Unidad_Academica`) VALUES (60, 'CIIDIR Unidad Sinaloa');
INSERT INTO `galardonados`.`Unidad_Academica` (`ID`, `Unidad_Academica`) VALUES (61, 'CIIDIR Unidad Durango');
INSERT INTO `galardonados`.`Unidad_Academica` (`ID`, `Unidad_Academica`) VALUES (62, 'CIIDIR Unidad Oaxaca');
INSERT INTO `galardonados`.`Unidad_Academica` (`ID`, `Unidad_Academica`) VALUES (63, 'CIIDIR Unidad Michoacán');
INSERT INTO `galardonados`.`Unidad_Academica` (`ID`, `Unidad_Academica`) VALUES (64, 'CIIEMAD');
INSERT INTO `galardonados`.`Unidad_Academica` (`ID`, `Unidad_Academica`) VALUES (65, 'CMP+L');
INSERT INTO `galardonados`.`Unidad_Academica` (`ID`, `Unidad_Academica`) VALUES (66, 'TechnoPoli');
INSERT INTO `galardonados`.`Unidad_Academica` (`ID`, `Unidad_Academica`) VALUES (67, 'Centro de Cómputo y Comunicaciones');
INSERT INTO `galardonados`.`Unidad_Academica` (`ID`, `Unidad_Academica`) VALUES (68, 'Centro de Educación Continúa Unidad Culiacán ');
INSERT INTO `galardonados`.`Unidad_Academica` (`ID`, `Unidad_Academica`) VALUES (69, 'Centro de Educación Continúa Unidad Durango');
INSERT INTO `galardonados`.`Unidad_Academica` (`ID`, `Unidad_Academica`) VALUES (70, 'Centro de Educación Continúa Unidad Los Mochis');
INSERT INTO `galardonados`.`Unidad_Academica` (`ID`, `Unidad_Academica`) VALUES (71, 'Centro de Educación Continúa Unidad Tijuana');
INSERT INTO `galardonados`.`Unidad_Academica` (`ID`, `Unidad_Academica`) VALUES (72, 'Secretaría Particular de la Dirección General');
INSERT INTO `galardonados`.`Unidad_Academica` (`ID`, `Unidad_Academica`) VALUES (73, 'Coordinación de Asesores');
INSERT INTO `galardonados`.`Unidad_Academica` (`ID`, `Unidad_Academica`) VALUES (74, 'Coordinación de Comunicación Social');
INSERT INTO `galardonados`.`Unidad_Academica` (`ID`, `Unidad_Academica`) VALUES (75, 'Defensoría de los Derechos Politécnicos');
INSERT INTO `galardonados`.`Unidad_Academica` (`ID`, `Unidad_Academica`) VALUES (76, 'Coordinación Politécnica para la Sustentabilidad');
INSERT INTO `galardonados`.`Unidad_Academica` (`ID`, `Unidad_Academica`) VALUES (77, 'Secretaría General');
INSERT INTO `galardonados`.`Unidad_Academica` (`ID`, `Unidad_Academica`) VALUES (78, 'Secretaría Académica');
INSERT INTO `galardonados`.`Unidad_Academica` (`ID`, `Unidad_Academica`) VALUES (79, 'Dirección de Educación Media Superior');
INSERT INTO `galardonados`.`Unidad_Academica` (`ID`, `Unidad_Academica`) VALUES (80, 'Dirección de Publicaciones');
INSERT INTO `galardonados`.`Unidad_Academica` (`ID`, `Unidad_Academica`) VALUES (81, 'Secretaría de Servicios Educativos');
INSERT INTO `galardonados`.`Unidad_Academica` (`ID`, `Unidad_Academica`) VALUES (82, 'Dirección de Bibliotecas');
INSERT INTO `galardonados`.`Unidad_Academica` (`ID`, `Unidad_Academica`) VALUES (83, 'Dirección de Administración Escolar');
INSERT INTO `galardonados`.`Unidad_Academica` (`ID`, `Unidad_Academica`) VALUES (84, 'Dirección de Desarrollo y Fomento Deportivo');
INSERT INTO `galardonados`.`Unidad_Academica` (`ID`, `Unidad_Academica`) VALUES (85, 'Dirección de Difusión y Fomento a la Cultura');
INSERT INTO `galardonados`.`Unidad_Academica` (`ID`, `Unidad_Academica`) VALUES (86, 'Dirección de Evaluación');
INSERT INTO `galardonados`.`Unidad_Academica` (`ID`, `Unidad_Academica`) VALUES (87, 'Dirección de Capital Humano');
INSERT INTO `galardonados`.`Unidad_Academica` (`ID`, `Unidad_Academica`) VALUES (88, 'Dirección de Recursos Financieros');
INSERT INTO `galardonados`.`Unidad_Academica` (`ID`, `Unidad_Academica`) VALUES (89, 'Dirección de Recursos Materiales y Servicios');
INSERT INTO `galardonados`.`Unidad_Academica` (`ID`, `Unidad_Academica`) VALUES (90, 'Oficina del Abogado General');
INSERT INTO `galardonados`.`Unidad_Academica` (`ID`, `Unidad_Academica`) VALUES (91, 'Dirección de Normatividad Consulta y Dictaminación ');
INSERT INTO `galardonados`.`Unidad_Academica` (`ID`, `Unidad_Academica`) VALUES (92, 'Dirección de Asuntos Jurídicos');
INSERT INTO `galardonados`.`Unidad_Academica` (`ID`, `Unidad_Academica`) VALUES (93, 'Coordinación General de Servicios Informáticos');
INSERT INTO `galardonados`.`Unidad_Academica` (`ID`, `Unidad_Academica`) VALUES (94, 'Coordinación General de Formación e Innovación Educativa');
INSERT INTO `galardonados`.`Unidad_Academica` (`ID`, `Unidad_Academica`) VALUES (95, 'Unidad Politécnica para el Desarrollo y la Competitividad Empresarial');
INSERT INTO `galardonados`.`Unidad_Academica` (`ID`, `Unidad_Academica`) VALUES (96, 'Coordinación de Centros de Desarrollo Infantil');
INSERT INTO `galardonados`.`Unidad_Academica` (`ID`, `Unidad_Academica`) VALUES (97, 'Centro de Desarrollo Infantil Amalia Solórzano de Cárdenas');
INSERT INTO `galardonados`.`Unidad_Academica` (`ID`, `Unidad_Academica`) VALUES (98, 'Centro de Desarrollo Infantil Clementina Batalla de Bassols');
INSERT INTO `galardonados`.`Unidad_Academica` (`ID`, `Unidad_Academica`) VALUES (99, 'Centro de Desarrollo Infantil Laura Pérez de Bátiz');
INSERT INTO `galardonados`.`Unidad_Academica` (`ID`, `Unidad_Academica`) VALUES (100, 'Centro de Desarrollo Infantil Margarita Salazar de Erro');
INSERT INTO `galardonados`.`Unidad_Academica` (`ID`, `Unidad_Academica`) VALUES (101, 'Centro de Educación Continúa Ing. Eugenio Méndez Docurro');
INSERT INTO `galardonados`.`Unidad_Academica` (`ID`, `Unidad_Academica`) VALUES (102, 'Dirección General');
INSERT INTO `galardonados`.`Unidad_Academica` (`ID`, `Unidad_Academica`) VALUES (103, 'Dirección de Educación Superior');
INSERT INTO `galardonados`.`Unidad_Academica` (`ID`, `Unidad_Academica`) VALUES (104, 'Dirección de Servicios Estudiantiles');
INSERT INTO `galardonados`.`Unidad_Academica` (`ID`, `Unidad_Academica`) VALUES (105, 'Coordinación del Sistema Institucional de Información');

COMMIT;


-- -----------------------------------------------------
-- Data for table `galardonados`.`Galardon`
-- -----------------------------------------------------
START TRANSACTION;
USE `galardonados`;
INSERT INTO `galardonados`.`Galardon` (`ID`, `Galardon`) VALUES (1, 'DIPLOMA A LA EFICIENCIA Y EFICACIA ');
INSERT INTO `galardonados`.`Galardon` (`ID`, `Galardon`) VALUES (2, 'DIPLOMA DE MAESTRO EMÉRITO');
INSERT INTO `galardonados`.`Galardon` (`ID`, `Galardon`) VALUES (3, 'DIPLOMA DE MAESTRO DECANO');
INSERT INTO `galardonados`.`Galardon` (`ID`, `Galardon`) VALUES (4, 'DIPLOMA A LA INVESTIGACIÓN');
INSERT INTO `galardonados`.`Galardon` (`ID`, `Galardon`) VALUES (5, 'DIPLOMA A LA CULTURA');
INSERT INTO `galardonados`.`Galardon` (`ID`, `Galardon`) VALUES (6, 'DIPLOMA AL DEPORTE6');
INSERT INTO `galardonados`.`Galardon` (`ID`, `Galardon`) VALUES (7, 'PRESEA JUAN DE DIOS BÁTIZ');
INSERT INTO `galardonados`.`Galardon` (`ID`, `Galardon`) VALUES (8, 'PRESEA CARLOS VALLEJO MÁRQUEZ');

COMMIT;


-- -----------------------------------------------------
-- Data for table `galardonados`.`Galardonado`
-- -----------------------------------------------------
START TRANSACTION;
USE `galardonados`;
INSERT INTO `galardonados`.`Galardonado` (`RFC`, `Nombre`, `Paterno`, `Materno`, `Email`, `Unidad_Academica`, `Galardon`, `Asiento`, `Asistencia`, `Observaciones`) VALUES ('HEMP610409', 'Patricia', 'Hernández', 'Monsalvo', 'juaco-1997@hotmail.es', 1, 1, '1D', 0, '');
INSERT INTO `galardonados`.`Galardonado` (`RFC`, `Nombre`, `Paterno`, `Materno`, `Email`, `Unidad_Academica`, `Galardon`, `Asiento`, `Asistencia`, `Observaciones`) VALUES ('GARV801005', 'Viridiana Karina', 'García', 'Romero', 'juaco-1997@hotmail.es', 1, 1, '2D', 0, '');
INSERT INTO `galardonados`.`Galardonado` (`RFC`, `Nombre`, `Paterno`, `Materno`, `Email`, `Unidad_Academica`, `Galardon`, `Asiento`, `Asistencia`, `Observaciones`) VALUES ('GUSV811105', 'María Vianey', 'Gudiño', 'Sánchez', 'juaco-1997@hotmail.es', 1, 1, '3D', 0, '');
INSERT INTO `galardonados`.`Galardonado` (`RFC`, `Nombre`, `Paterno`, `Materno`, `Email`, `Unidad_Academica`, `Galardon`, `Asiento`, `Asistencia`, `Observaciones`) VALUES ('SADV700522', 'Víctor Manuel', 'Salas', 'Domínguez', 'juaco-1997@hotmail.es', 2, 1, '4D', 0, '');
INSERT INTO `galardonados`.`Galardonado` (`RFC`, `Nombre`, `Paterno`, `Materno`, `Email`, `Unidad_Academica`, `Galardon`, `Asiento`, `Asistencia`, `Observaciones`) VALUES ('SAMJ740319', 'Josefina', 'Sánchez', 'Monroy', 'juaco-1997@hotmail.es', 2, 1, '5D', 0, '');
INSERT INTO `galardonados`.`Galardonado` (`RFC`, `Nombre`, `Paterno`, `Materno`, `Email`, `Unidad_Academica`, `Galardon`, `Asiento`, `Asistencia`, `Observaciones`) VALUES ('EAGC770416', 'Carolina', 'Estrada', 'García', 'juaco-1997@hotmail.es', 2, 1, '6D', 0, '');
INSERT INTO `galardonados`.`Galardonado` (`RFC`, `Nombre`, `Paterno`, `Materno`, `Email`, `Unidad_Academica`, `Galardon`, `Asiento`, `Asistencia`, `Observaciones`) VALUES ('CABM811007', 'Mariana Elizabeth', 'Chávez', 'Benítez', 'juaco-1997@hotmail.es', 3, 1, '7D', 0, '');
INSERT INTO `galardonados`.`Galardonado` (`RFC`, `Nombre`, `Paterno`, `Materno`, `Email`, `Unidad_Academica`, `Galardon`, `Asiento`, `Asistencia`, `Observaciones`) VALUES ('JIMA610709', 'Alejandra', 'Jiménez', 'Méndez', 'juaco-1997@hotmail.es', 3, 1, '8D', 0, '');
INSERT INTO `galardonados`.`Galardonado` (`RFC`, `Nombre`, `Paterno`, `Materno`, `Email`, `Unidad_Academica`, `Galardon`, `Asiento`, `Asistencia`, `Observaciones`) VALUES ('ROCL700110', 'José Luis Tonatihu', 'Rojas', 'Castro', 'juaco-1997@hotmail.es', 3, 1, '9D', 0, '');
INSERT INTO `galardonados`.`Galardonado` (`RFC`, `Nombre`, `Paterno`, `Materno`, `Email`, `Unidad_Academica`, `Galardon`, `Asiento`, `Asistencia`, `Observaciones`) VALUES ('MASC731120', 'Carolina', ' Mares', 'Sandoval', 'juaco-1997@hotmail.es', 4, 1, '10D', 0, '');
INSERT INTO `galardonados`.`Galardonado` (`RFC`, `Nombre`, `Paterno`, `Materno`, `Email`, `Unidad_Academica`, `Galardon`, `Asiento`, `Asistencia`, `Observaciones`) VALUES ('BOMJ600427', 'Jesús Roberto', 'Bolivar', 'Meza', 'juaco-1997@hotmail.es', 4, 1, '11D', 0, '');
INSERT INTO `galardonados`.`Galardonado` (`RFC`, `Nombre`, `Paterno`, `Materno`, `Email`, `Unidad_Academica`, `Galardon`, `Asiento`, `Asistencia`, `Observaciones`) VALUES ('LOFT610501', 'María Teresa', 'López', ' Flores', 'juaco-1997@hotmail.es', 4, 1, '12D', 0, '');
INSERT INTO `galardonados`.`Galardonado` (`RFC`, `Nombre`, `Paterno`, `Materno`, `Email`, `Unidad_Academica`, `Galardon`, `Asiento`, `Asistencia`, `Observaciones`) VALUES ('CACJ620311', 'María Josefina', 'Campos', 'Cano', 'juaco-1997@hotmail.es', 5, 1, '13D', 0, '');
INSERT INTO `galardonados`.`Galardonado` (`RFC`, `Nombre`, `Paterno`, `Materno`, `Email`, `Unidad_Academica`, `Galardon`, `Asiento`, `Asistencia`, `Observaciones`) VALUES ('SIGG840712', 'Gustavo Rodolfo', 'Shields', 'García ', 'juaco-1997@hotmail.es', 5, 1, '14D', 0, '');
INSERT INTO `galardonados`.`Galardonado` (`RFC`, `Nombre`, `Paterno`, `Materno`, `Email`, `Unidad_Academica`, `Galardon`, `Asiento`, `Asistencia`, `Observaciones`) VALUES ('GUHE740114', 'Erika', 'Gutiérrez', 'Hernández', 'juaco-1997@hotmail.es', 5, 1, '15D', 0, '');
INSERT INTO `galardonados`.`Galardonado` (`RFC`, `Nombre`, `Paterno`, `Materno`, `Email`, `Unidad_Academica`, `Galardon`, `Asiento`, `Asistencia`, `Observaciones`) VALUES ('GARJ640319', 'Juan José', 'García', 'Rivera', 'juaco-1997@hotmail.es', 6, 1, '16D', 0, '');
INSERT INTO `galardonados`.`Galardonado` (`RFC`, `Nombre`, `Paterno`, `Materno`, `Email`, `Unidad_Academica`, `Galardon`, `Asiento`, `Asistencia`, `Observaciones`) VALUES ('SACC820315', 'Catalina', 'Sánchez', 'Castillo', 'juaco-1997@hotmail.es', 6, 1, '17D', 0, '');
INSERT INTO `galardonados`.`Galardonado` (`RFC`, `Nombre`, `Paterno`, `Materno`, `Email`, `Unidad_Academica`, `Galardon`, `Asiento`, `Asistencia`, `Observaciones`) VALUES ('RUBM600910', 'María Margarita', 'Ruíz', 'Badillo', 'juaco-1997@hotmail.es', 6, 1, '18D', 0, '');
INSERT INTO `galardonados`.`Galardonado` (`RFC`, `Nombre`, `Paterno`, `Materno`, `Email`, `Unidad_Academica`, `Galardon`, `Asiento`, `Asistencia`, `Observaciones`) VALUES ('PESL790811', 'María de Lourdes', 'Peregrino', 'Sánchez', 'juaco-1997@hotmail.es', 7, 1, '19D', 0, '');
INSERT INTO `galardonados`.`Galardonado` (`RFC`, `Nombre`, `Paterno`, `Materno`, `Email`, `Unidad_Academica`, `Galardon`, `Asiento`, `Asistencia`, `Observaciones`) VALUES ('CICM700907', 'María Mireya', 'Cristino', 'Castillo', 'juaco-1997@hotmail.es', 7, 1, '20D', 0, '');
INSERT INTO `galardonados`.`Galardonado` (`RFC`, `Nombre`, `Paterno`, `Materno`, `Email`, `Unidad_Academica`, `Galardon`, `Asiento`, `Asistencia`, `Observaciones`) VALUES ('NEEL730512', 'Laura Alicia', 'Neyra', 'Estrada', 'juaco-1997@hotmail.es', 7, 1, '21D', 0, '');
INSERT INTO `galardonados`.`Galardonado` (`RFC`, `Nombre`, `Paterno`, `Materno`, `Email`, `Unidad_Academica`, `Galardon`, `Asiento`, `Asistencia`, `Observaciones`) VALUES ('OELE810505', 'Edgar Josué', 'Ojeda', 'Layseca', 'juaco-1997@hotmail.es', 8, 1, '22D', 0, '');
INSERT INTO `galardonados`.`Galardonado` (`RFC`, `Nombre`, `Paterno`, `Materno`, `Email`, `Unidad_Academica`, `Galardon`, `Asiento`, `Asistencia`, `Observaciones`) VALUES ('BUAI920831', 'Ismael Bruno', 'Arellano', '', 'juaco-1997@hotmail.es', 8, 1, '23D', 0, '');
INSERT INTO `galardonados`.`Galardonado` (`RFC`, `Nombre`, `Paterno`, `Materno`, `Email`, `Unidad_Academica`, `Galardon`, `Asiento`, `Asistencia`, `Observaciones`) VALUES ('NAMJ870131', 'Joaquín Alejandro', 'Nares', 'Miller', 'juaco-1997@hotmail.es', 8, 1, '24D', 0, '');
INSERT INTO `galardonados`.`Galardonado` (`RFC`, `Nombre`, `Paterno`, `Materno`, `Email`, `Unidad_Academica`, `Galardon`, `Asiento`, `Asistencia`, `Observaciones`) VALUES ('SUCA511123', 'Armando', 'Suárez', 'Caudillo', 'juaco-1997@hotmail.es', 9, 1, '25D', 0, '');
INSERT INTO `galardonados`.`Galardonado` (`RFC`, `Nombre`, `Paterno`, `Materno`, `Email`, `Unidad_Academica`, `Galardon`, `Asiento`, `Asistencia`, `Observaciones`) VALUES ('MOMA530924', 'Alfonso', 'Morales', 'Martínez', 'juaco-1997@hotmail.es', 9, 1, '1E', 0, '');
INSERT INTO `galardonados`.`Galardonado` (`RFC`, `Nombre`, `Paterno`, `Materno`, `Email`, `Unidad_Academica`, `Galardon`, `Asiento`, `Asistencia`, `Observaciones`) VALUES ('MORA640123', 'Arturo', 'Moreno', 'Reyes', 'juaco-1997@hotmail.es', 9, 1, '2E', 0, '');
INSERT INTO `galardonados`.`Galardonado` (`RFC`, `Nombre`, `Paterno`, `Materno`, `Email`, `Unidad_Academica`, `Galardon`, `Asiento`, `Asistencia`, `Observaciones`) VALUES ('PAGC570307', 'Clotilde', 'Prado', 'García', 'juaco-1997@hotmail.es', 10, 1, '3E', 0, '');
INSERT INTO `galardonados`.`Galardonado` (`RFC`, `Nombre`, `Paterno`, `Materno`, `Email`, `Unidad_Academica`, `Galardon`, `Asiento`, `Asistencia`, `Observaciones`) VALUES ('TOPE551216', 'María Eugenia', 'Tome', 'Pérez', 'juaco-1997@hotmail.es', 10, 1, '4E', 0, '');
INSERT INTO `galardonados`.`Galardonado` (`RFC`, `Nombre`, `Paterno`, `Materno`, `Email`, `Unidad_Academica`, `Galardon`, `Asiento`, `Asistencia`, `Observaciones`) VALUES ('MAIU850513', 'Uriel', 'Martínez', 'Islas', 'juaco-1997@hotmail.es', 11, 1, '5E', 0, '');
INSERT INTO `galardonados`.`Galardonado` (`RFC`, `Nombre`, `Paterno`, `Materno`, `Email`, `Unidad_Academica`, `Galardon`, `Asiento`, `Asistencia`, `Observaciones`) VALUES ('SAME770202', 'María Esther', 'Sánchez', 'Marín', 'juaco-1997@hotmail.es', 11, 1, '6E', 0, '');
INSERT INTO `galardonados`.`Galardonado` (`RFC`, `Nombre`, `Paterno`, `Materno`, `Email`, `Unidad_Academica`, `Galardon`, `Asiento`, `Asistencia`, `Observaciones`) VALUES ('BEMG581122', 'Gerardo', 'Bernal', 'Méndez', 'juaco-1997@hotmail.es', 11, 1, '7E', 0, '');
INSERT INTO `galardonados`.`Galardonado` (`RFC`, `Nombre`, `Paterno`, `Materno`, `Email`, `Unidad_Academica`, `Galardon`, `Asiento`, `Asistencia`, `Observaciones`) VALUES ('AISL760127', 'Lizeth', 'Avilés', 'Sánchez', 'juaco-1997@hotmail.es', 12, 1, '8E', 0, '');
INSERT INTO `galardonados`.`Galardonado` (`RFC`, `Nombre`, `Paterno`, `Materno`, `Email`, `Unidad_Academica`, `Galardon`, `Asiento`, `Asistencia`, `Observaciones`) VALUES ('ROLP651211', 'Pedro', 'Rodríguez', 'Luevano', 'juaco-1997@hotmail.es', 12, 1, '9E', 0, '');
INSERT INTO `galardonados`.`Galardonado` (`RFC`, `Nombre`, `Paterno`, `Materno`, `Email`, `Unidad_Academica`, `Galardon`, `Asiento`, `Asistencia`, `Observaciones`) VALUES ('GUDE820907', 'Edgar René', 'Guzmán', 'Delgado', 'juaco-1997@hotmail.es', 12, 1, '10E', 0, '');
INSERT INTO `galardonados`.`Galardonado` (`RFC`, `Nombre`, `Paterno`, `Materno`, `Email`, `Unidad_Academica`, `Galardon`, `Asiento`, `Asistencia`, `Observaciones`) VALUES ('CAAG560830', 'Guadencio', 'Camacho', 'Alvarado', 'juaco-1997@hotmail.es', 13, 1, '11E', 0, '');
INSERT INTO `galardonados`.`Galardonado` (`RFC`, `Nombre`, `Paterno`, `Materno`, `Email`, `Unidad_Academica`, `Galardon`, `Asiento`, `Asistencia`, `Observaciones`) VALUES ('OUFA850727', 'Andrea Patricia', 'Olguín', 'Ferreira', 'juaco-1997@hotmail.es', 13, 1, '12E', 0, '');
INSERT INTO `galardonados`.`Galardonado` (`RFC`, `Nombre`, `Paterno`, `Materno`, `Email`, `Unidad_Academica`, `Galardon`, `Asiento`, `Asistencia`, `Observaciones`) VALUES ('RALT520821', 'María Teresa', 'Ramírez', 'Landeros', 'juaco-1997@hotmail.es', 13, 1, '13E', 0, '');
INSERT INTO `galardonados`.`Galardonado` (`RFC`, `Nombre`, `Paterno`, `Materno`, `Email`, `Unidad_Academica`, `Galardon`, `Asiento`, `Asistencia`, `Observaciones`) VALUES ('AAMA580502', 'José Antonio', 'Andrade', 'Morales', 'juaco-1997@hotmail.es', 14, 1, '14E', 0, '');
INSERT INTO `galardonados`.`Galardonado` (`RFC`, `Nombre`, `Paterno`, `Materno`, `Email`, `Unidad_Academica`, `Galardon`, `Asiento`, `Asistencia`, `Observaciones`) VALUES ('REIH830819', 'Héctor Yair', 'Reyes', 'Izquierdo', 'juaco-1997@hotmail.es', 14, 1, '15E', 0, '');
INSERT INTO `galardonados`.`Galardonado` (`RFC`, `Nombre`, `Paterno`, `Materno`, `Email`, `Unidad_Academica`, `Galardon`, `Asiento`, `Asistencia`, `Observaciones`) VALUES ('AAAC670607', 'Celia', 'Ayala', 'Arellano', 'juaco-1997@hotmail.es', 14, 1, '16E', 0, '');
INSERT INTO `galardonados`.`Galardonado` (`RFC`, `Nombre`, `Paterno`, `Materno`, `Email`, `Unidad_Academica`, `Galardon`, `Asiento`, `Asistencia`, `Observaciones`) VALUES ('AAMJ550319', 'José Juan', 'Aljama', 'Moral', 'juaco-1997@hotmail.es', 15, 1, '17E', 0, '');
INSERT INTO `galardonados`.`Galardonado` (`RFC`, `Nombre`, `Paterno`, `Materno`, `Email`, `Unidad_Academica`, `Galardon`, `Asiento`, `Asistencia`, `Observaciones`) VALUES ('CAFJ811202', 'Janet', 'Cadena', 'Flores', 'juaco-1997@hotmail.es', 15, 1, '18E', 0, '');
INSERT INTO `galardonados`.`Galardonado` (`RFC`, `Nombre`, `Paterno`, `Materno`, `Email`, `Unidad_Academica`, `Galardon`, `Asiento`, `Asistencia`, `Observaciones`) VALUES ('RORE650831', 'Evangelina', 'Rojas', 'Rodríguez', 'juaco-1997@hotmail.es', 15, 1, '19E', 0, '');
INSERT INTO `galardonados`.`Galardonado` (`RFC`, `Nombre`, `Paterno`, `Materno`, `Email`, `Unidad_Academica`, `Galardon`, `Asiento`, `Asistencia`, `Observaciones`) VALUES ('SILL681102', 'Luis Enrique', 'Sigler', ' Licona', 'juaco-1997@hotmail.es', 17, 1, '20E', 0, '');
INSERT INTO `galardonados`.`Galardonado` (`RFC`, `Nombre`, `Paterno`, `Materno`, `Email`, `Unidad_Academica`, `Galardon`, `Asiento`, `Asistencia`, `Observaciones`) VALUES ('BEHM730706', 'Ma. Guadalupe del Carmen', 'Belmonte', 'Hernández', 'juaco-1997@hotmail.es', 17, 1, '21E', 0, '');
INSERT INTO `galardonados`.`Galardonado` (`RFC`, `Nombre`, `Paterno`, `Materno`, `Email`, `Unidad_Academica`, `Galardon`, `Asiento`, `Asistencia`, `Observaciones`) VALUES ('CUPS631212', 'Sonia Elizabeth', 'Cruz', 'Pérez', 'juaco-1997@hotmail.es', 19, 1, '22E', 0, '');
INSERT INTO `galardonados`.`Galardonado` (`RFC`, `Nombre`, `Paterno`, `Materno`, `Email`, `Unidad_Academica`, `Galardon`, `Asiento`, `Asistencia`, `Observaciones`) VALUES ('ROAJ530902', 'Juan', 'Romero', 'Amaya', 'juaco-1997@hotmail.es', 19, 1, '23E', 0, '');
INSERT INTO `galardonados`.`Galardonado` (`RFC`, `Nombre`, `Paterno`, `Materno`, `Email`, `Unidad_Academica`, `Galardon`, `Asiento`, `Asistencia`, `Observaciones`) VALUES ('RORR590111', 'Rocío', 'Rodas', 'Ruíz', 'juaco-1997@hotmail.es', 19, 1, '24E', 0, '');
INSERT INTO `galardonados`.`Galardonado` (`RFC`, `Nombre`, `Paterno`, `Materno`, `Email`, `Unidad_Academica`, `Galardon`, `Asiento`, `Asistencia`, `Observaciones`) VALUES ('RAVM650728', 'Ma. Victoria', 'Rafael', 'Valdivia', 'juaco-1997@hotmail.es', 30, 1, '25E', 0, '');
INSERT INTO `galardonados`.`Galardonado` (`RFC`, `Nombre`, `Paterno`, `Materno`, `Email`, `Unidad_Academica`, `Galardon`, `Asiento`, `Asistencia`, `Observaciones`) VALUES ('VINA780922', 'Ana Laura', 'Villalpando', 'Nava', 'juaco-1997@hotmail.es', 30, 1, '1F', 0, '');
INSERT INTO `galardonados`.`Galardonado` (`RFC`, `Nombre`, `Paterno`, `Materno`, `Email`, `Unidad_Academica`, `Galardon`, `Asiento`, `Asistencia`, `Observaciones`) VALUES ('BAMV840328', 'Víctor Alejandro', 'Banderas', 'Mérida', 'juaco-1997@hotmail.es', 32, 1, '2F', 0, '');
INSERT INTO `galardonados`.`Galardonado` (`RFC`, `Nombre`, `Paterno`, `Materno`, `Email`, `Unidad_Academica`, `Galardon`, `Asiento`, `Asistencia`, `Observaciones`) VALUES ('REGM590502', 'Magdalena', 'Reyes', ' García', 'juaco-1997@hotmail.es', 32, 1, '3F', 0, '');
INSERT INTO `galardonados`.`Galardonado` (`RFC`, `Nombre`, `Paterno`, `Materno`, `Email`, `Unidad_Academica`, `Galardon`, `Asiento`, `Asistencia`, `Observaciones`) VALUES ('ROHI710319', 'Ivonne', 'Romo', 'Hernández', 'juaco-1997@hotmail.es', 31, 1, '4F', 0, '');
INSERT INTO `galardonados`.`Galardonado` (`RFC`, `Nombre`, `Paterno`, `Materno`, `Email`, `Unidad_Academica`, `Galardon`, `Asiento`, `Asistencia`, `Observaciones`) VALUES ('CEPP650317', 'Patricia', 'Cervantes', 'Pérez', 'juaco-1997@hotmail.es', 33, 1, '5F', 0, '');
INSERT INTO `galardonados`.`Galardonado` (`RFC`, `Nombre`, `Paterno`, `Materno`, `Email`, `Unidad_Academica`, `Galardon`, `Asiento`, `Asistencia`, `Observaciones`) VALUES ('AAZA700603', 'Ana María', 'Almanza', 'Zendejas', 'juaco-1997@hotmail.es', 33, 1, '6F', 0, '');
INSERT INTO `galardonados`.`Galardonado` (`RFC`, `Nombre`, `Paterno`, `Materno`, `Email`, `Unidad_Academica`, `Galardon`, `Asiento`, `Asistencia`, `Observaciones`) VALUES ('RABC690320', 'Claudia', 'Ramírez', 'Brassetti', 'juaco-1997@hotmail.es', 33, 1, '7F', 0, '');
INSERT INTO `galardonados`.`Galardonado` (`RFC`, `Nombre`, `Paterno`, `Materno`, `Email`, `Unidad_Academica`, `Galardon`, `Asiento`, `Asistencia`, `Observaciones`) VALUES ('GOFA671026', 'Adolfo', 'Gómez', 'Flores', 'juaco-1997@hotmail.es', 38, 1, '8F', 0, '');
INSERT INTO `galardonados`.`Galardonado` (`RFC`, `Nombre`, `Paterno`, `Materno`, `Email`, `Unidad_Academica`, `Galardon`, `Asiento`, `Asistencia`, `Observaciones`) VALUES ('ZACR760228', 'Rosario Angélica', 'Zavala', 'Candelaria', 'juaco-1997@hotmail.es', 38, 1, '9F', 0, '');
INSERT INTO `galardonados`.`Galardonado` (`RFC`, `Nombre`, `Paterno`, `Materno`, `Email`, `Unidad_Academica`, `Galardon`, `Asiento`, `Asistencia`, `Observaciones`) VALUES ('AALE860922', 'Edith Yuliana', 'Amador', 'López', 'juaco-1997@hotmail.es', 38, 1, '10F', 0, '');
INSERT INTO `galardonados`.`Galardonado` (`RFC`, `Nombre`, `Paterno`, `Materno`, `Email`, `Unidad_Academica`, `Galardon`, `Asiento`, `Asistencia`, `Observaciones`) VALUES ('LOAA770303', 'Adaluz', 'López', 'Ángeles', 'juaco-1997@hotmail.es', 36, 1, '11F', 0, '');
INSERT INTO `galardonados`.`Galardonado` (`RFC`, `Nombre`, `Paterno`, `Materno`, `Email`, `Unidad_Academica`, `Galardon`, `Asiento`, `Asistencia`, `Observaciones`) VALUES ('SALV610526', 'Victor', 'Sandoval', 'Lobato', 'juaco-1997@hotmail.es', 36, 1, '12F', 0, '');
INSERT INTO `galardonados`.`Galardonado` (`RFC`, `Nombre`, `Paterno`, `Materno`, `Email`, `Unidad_Academica`, `Galardon`, `Asiento`, `Asistencia`, `Observaciones`) VALUES ('ROCC730916', 'Cornelio', 'Romero', 'Cruz', 'juaco-1997@hotmail.es', 36, 1, '13F', 0, '');
INSERT INTO `galardonados`.`Galardonado` (`RFC`, `Nombre`, `Paterno`, `Materno`, `Email`, `Unidad_Academica`, `Galardon`, `Asiento`, `Asistencia`, `Observaciones`) VALUES ('GURJ720122', 'Jorge Alberto', 'Gutiérrez', 'Ramírez', 'juaco-1997@hotmail.es', 37, 1, '14F', 0, '');
INSERT INTO `galardonados`.`Galardonado` (`RFC`, `Nombre`, `Paterno`, `Materno`, `Email`, `Unidad_Academica`, `Galardon`, `Asiento`, `Asistencia`, `Observaciones`) VALUES ('MORA740726', 'Ana Aurora', 'Montoya', 'Ramírez', 'juaco-1997@hotmail.es', 37, 1, '15F', 0, '');
INSERT INTO `galardonados`.`Galardonado` (`RFC`, `Nombre`, `Paterno`, `Materno`, `Email`, `Unidad_Academica`, `Galardon`, `Asiento`, `Asistencia`, `Observaciones`) VALUES ('TOGA770224', 'Alfredo', 'Torres', 'García', 'juaco-1997@hotmail.es', 37, 1, '16F', 0, '');
INSERT INTO `galardonados`.`Galardonado` (`RFC`, `Nombre`, `Paterno`, `Materno`, `Email`, `Unidad_Academica`, `Galardon`, `Asiento`, `Asistencia`, `Observaciones`) VALUES ('AULC650915', 'Carlos', 'Aguilar', 'López', 'juaco-1997@hotmail.es', 35, 1, '17F', 0, '');
INSERT INTO `galardonados`.`Galardonado` (`RFC`, `Nombre`, `Paterno`, `Materno`, `Email`, `Unidad_Academica`, `Galardon`, `Asiento`, `Asistencia`, `Observaciones`) VALUES ('CABI750704', 'Isidro', 'Castillo', 'Bautista', 'juaco-1997@hotmail.es', 35, 1, '18F', 0, '');
INSERT INTO `galardonados`.`Galardonado` (`RFC`, `Nombre`, `Paterno`, `Materno`, `Email`, `Unidad_Academica`, `Galardon`, `Asiento`, `Asistencia`, `Observaciones`) VALUES ('DUMJ520111', 'Juana Leydy Yadira', 'Duarte', 'Mena', 'juaco-1997@hotmail.es', 35, 1, '19F', 0, '');
INSERT INTO `galardonados`.`Galardonado` (`RFC`, `Nombre`, `Paterno`, `Materno`, `Email`, `Unidad_Academica`, `Galardon`, `Asiento`, `Asistencia`, `Observaciones`) VALUES ('CACN810816', 'Nayeli', 'Caballero', 'Cerpa', 'juaco-1997@hotmail.es', 34, 1, '20F', 0, '');
INSERT INTO `galardonados`.`Galardonado` (`RFC`, `Nombre`, `Paterno`, `Materno`, `Email`, `Unidad_Academica`, `Galardon`, `Asiento`, `Asistencia`, `Observaciones`) VALUES ('JEHJ620923', 'Joselito Abilio', 'de Jesús', 'Herrera', 'juaco-1997@hotmail.es', 34, 1, '21F', 0, '');
INSERT INTO `galardonados`.`Galardonado` (`RFC`, `Nombre`, `Paterno`, `Materno`, `Email`, `Unidad_Academica`, `Galardon`, `Asiento`, `Asistencia`, `Observaciones`) VALUES ('ROHL720825', 'Luis Francisco', 'Rodríguez', 'Hernández', 'juaco-1997@hotmail.es', 29, 1, '22F', 0, '');
INSERT INTO `galardonados`.`Galardonado` (`RFC`, `Nombre`, `Paterno`, `Materno`, `Email`, `Unidad_Academica`, `Galardon`, `Asiento`, `Asistencia`, `Observaciones`) VALUES ('GOPP651210', 'María Patricia', 'Godínez', 'Pavón', 'juaco-1997@hotmail.es', 29, 1, '23F', 0, '');
INSERT INTO `galardonados`.`Galardonado` (`RFC`, `Nombre`, `Paterno`, `Materno`, `Email`, `Unidad_Academica`, `Galardon`, `Asiento`, `Asistencia`, `Observaciones`) VALUES ('EIVI600524', 'José Isaías', 'Enríquez', 'Vicente', 'juaco-1997@hotmail.es', 29, 1, '24F', 0, '');
INSERT INTO `galardonados`.`Galardonado` (`RFC`, `Nombre`, `Paterno`, `Materno`, `Email`, `Unidad_Academica`, `Galardon`, `Asiento`, `Asistencia`, `Observaciones`) VALUES ('MORA621123', 'Alma Delia', 'Morán', 'Ruíz', 'juaco-1997@hotmail.es', 26, 1, '25F', 0, '');
INSERT INTO `galardonados`.`Galardonado` (`RFC`, `Nombre`, `Paterno`, `Materno`, `Email`, `Unidad_Academica`, `Galardon`, `Asiento`, `Asistencia`, `Observaciones`) VALUES ('HELI891227', 'Itzel Marisol', 'Hernández', 'Luis', 'juaco-1997@hotmail.es', 26, 1, '1G', 0, '');
INSERT INTO `galardonados`.`Galardonado` (`RFC`, `Nombre`, `Paterno`, `Materno`, `Email`, `Unidad_Academica`, `Galardon`, `Asiento`, `Asistencia`, `Observaciones`) VALUES ('MAPD850325', 'Dalia', 'Martínez', 'Próspero', 'juaco-1997@hotmail.es', 26, 1, '2G', 0, '');
INSERT INTO `galardonados`.`Galardonado` (`RFC`, `Nombre`, `Paterno`, `Materno`, `Email`, `Unidad_Academica`, `Galardon`, `Asiento`, `Asistencia`, `Observaciones`) VALUES ('HEMA760104', 'Ana Laura', 'Hernández', 'Medina', 'juaco-1997@hotmail.es', 45, 1, '3G', 0, '');
INSERT INTO `galardonados`.`Galardonado` (`RFC`, `Nombre`, `Paterno`, `Materno`, `Email`, `Unidad_Academica`, `Galardon`, `Asiento`, `Asistencia`, `Observaciones`) VALUES ('PEDH721121', 'Héctor', 'Peña', 'Domínguez', 'juaco-1997@hotmail.es', 46, 1, '4G', 0, '');
INSERT INTO `galardonados`.`Galardonado` (`RFC`, `Nombre`, `Paterno`, `Materno`, `Email`, `Unidad_Academica`, `Galardon`, `Asiento`, `Asistencia`, `Observaciones`) VALUES ('CAJC500324', 'José Claudio', 'Chávez', 'Jiménez', 'juaco-1997@hotmail.es', 46, 1, '5G', 0, '');
INSERT INTO `galardonados`.`Galardonado` (`RFC`, `Nombre`, `Paterno`, `Materno`, `Email`, `Unidad_Academica`, `Galardon`, `Asiento`, `Asistencia`, `Observaciones`) VALUES ('MATP810925', 'Pablo Ricardo', 'Martínez', 'Téllez', 'juaco-1997@hotmail.es', 46, 1, '6G', 0, '');
INSERT INTO `galardonados`.`Galardonado` (`RFC`, `Nombre`, `Paterno`, `Materno`, `Email`, `Unidad_Academica`, `Galardon`, `Asiento`, `Asistencia`, `Observaciones`) VALUES ('TOAF601224', 'Francisco Javier', 'Torres', 'Argüelles', 'juaco-1997@hotmail.es', 41, 1, '7G', 0, '');
INSERT INTO `galardonados`.`Galardonado` (`RFC`, `Nombre`, `Paterno`, `Materno`, `Email`, `Unidad_Academica`, `Galardon`, `Asiento`, `Asistencia`, `Observaciones`) VALUES ('RICF720523', 'Francisco Alejandro', 'Ríos', 'Coria', 'juaco-1997@hotmail.es', 41, 1, '8G', 0, '');
INSERT INTO `galardonados`.`Galardonado` (`RFC`, `Nombre`, `Paterno`, `Materno`, `Email`, `Unidad_Academica`, `Galardon`, `Asiento`, `Asistencia`, `Observaciones`) VALUES ('GACI730704', 'Isabel Angélica', 'Gayosso', 'de la Cruz', 'juaco-1997@hotmail.es', 41, 1, '9G', 0, '');
INSERT INTO `galardonados`.`Galardonado` (`RFC`, `Nombre`, `Paterno`, `Materno`, `Email`, `Unidad_Academica`, `Galardon`, `Asiento`, `Asistencia`, `Observaciones`) VALUES ('MEDC870705', 'Claudia del Carmen', 'Mendoza', 'Delgado', 'juaco-1997@hotmail.es', 42, 1, '10G', 0, '');
INSERT INTO `galardonados`.`Galardonado` (`RFC`, `Nombre`, `Paterno`, `Materno`, `Email`, `Unidad_Academica`, `Galardon`, `Asiento`, `Asistencia`, `Observaciones`) VALUES ('FAGJ781015', 'Jesús', 'Franco', 'Gómez', 'juaco-1997@hotmail.es', 42, 1, '11G', 0, '');
INSERT INTO `galardonados`.`Galardonado` (`RFC`, `Nombre`, `Paterno`, `Materno`, `Email`, `Unidad_Academica`, `Galardon`, `Asiento`, `Asistencia`, `Observaciones`) VALUES ('NERM870525', 'María Monserrat', 'Neria', 'Reyes', 'juaco-1997@hotmail.es', 43, 1, '12G', 0, '');
INSERT INTO `galardonados`.`Galardonado` (`RFC`, `Nombre`, `Paterno`, `Materno`, `Email`, `Unidad_Academica`, `Galardon`, `Asiento`, `Asistencia`, `Observaciones`) VALUES ('JULF841004', 'Francisco', 'Juanes', 'Loera', 'juaco-1997@hotmail.es', 43, 1, '13G', 0, '');
INSERT INTO `galardonados`.`Galardonado` (`RFC`, `Nombre`, `Paterno`, `Materno`, `Email`, `Unidad_Academica`, `Galardon`, `Asiento`, `Asistencia`, `Observaciones`) VALUES ('CALA700920', 'Adolfo', 'Cabrera', 'López', 'juaco-1997@hotmail.es', 22, 1, '14G', 0, '');
INSERT INTO `galardonados`.`Galardonado` (`RFC`, `Nombre`, `Paterno`, `Materno`, `Email`, `Unidad_Academica`, `Galardon`, `Asiento`, `Asistencia`, `Observaciones`) VALUES ('TORG630413', 'Gloria', 'Tovar', 'Rojo', 'juaco-1997@hotmail.es', 22, 1, '15G', 0, '');
INSERT INTO `galardonados`.`Galardonado` (`RFC`, `Nombre`, `Paterno`, `Materno`, `Email`, `Unidad_Academica`, `Galardon`, `Asiento`, `Asistencia`, `Observaciones`) VALUES ('LORC630708', 'Corina', 'López', 'Rangel', 'juaco-1997@hotmail.es', 22, 1, '16G', 0, '');
INSERT INTO `galardonados`.`Galardonado` (`RFC`, `Nombre`, `Paterno`, `Materno`, `Email`, `Unidad_Academica`, `Galardon`, `Asiento`, `Asistencia`, `Observaciones`) VALUES ('TOBE620920', 'Eduardo', 'Torres', 'Buenrostro', 'juaco-1997@hotmail.es', 39, 1, '17G', 0, '');
INSERT INTO `galardonados`.`Galardonado` (`RFC`, `Nombre`, `Paterno`, `Materno`, `Email`, `Unidad_Academica`, `Galardon`, `Asiento`, `Asistencia`, `Observaciones`) VALUES ('MEBC660713', 'Cesar Miguel', 'Mejía', 'Barradas', 'juaco-1997@hotmail.es', 39, 1, '18G', 0, '');
INSERT INTO `galardonados`.`Galardonado` (`RFC`, `Nombre`, `Paterno`, `Materno`, `Email`, `Unidad_Academica`, `Galardon`, `Asiento`, `Asistencia`, `Observaciones`) VALUES ('SAEB601008', 'María Beatriz', 'Sánchez', 'Estrada', 'juaco-1997@hotmail.es', 39, 1, '19G', 0, '');
INSERT INTO `galardonados`.`Galardonado` (`RFC`, `Nombre`, `Paterno`, `Materno`, `Email`, `Unidad_Academica`, `Galardon`, `Asiento`, `Asistencia`, `Observaciones`) VALUES ('GOPF630603', 'Felipe', 'González', 'Pérez', 'juaco-1997@hotmail.es', 23, 1, '20G', 0, '');
INSERT INTO `galardonados`.`Galardonado` (`RFC`, `Nombre`, `Paterno`, `Materno`, `Email`, `Unidad_Academica`, `Galardon`, `Asiento`, `Asistencia`, `Observaciones`) VALUES ('HUAE800531', 'Edgar', 'Hurtado', 'Ávila', 'juaco-1997@hotmail.es', 23, 1, '21G', 0, '');
INSERT INTO `galardonados`.`Galardonado` (`RFC`, `Nombre`, `Paterno`, `Materno`, `Email`, `Unidad_Academica`, `Galardon`, `Asiento`, `Asistencia`, `Observaciones`) VALUES ('SAML711230', 'Luz María', 'Sánchez', 'Martínez', 'juaco-1997@hotmail.es', 23, 1, '22G', 0, '');
INSERT INTO `galardonados`.`Galardonado` (`RFC`, `Nombre`, `Paterno`, `Materno`, `Email`, `Unidad_Academica`, `Galardon`, `Asiento`, `Asistencia`, `Observaciones`) VALUES ('AAFD851118', 'Daniel', 'Álvarez', 'Fuentes', 'juaco-1997@hotmail.es', 28, 1, '23G', 0, '');
INSERT INTO `galardonados`.`Galardonado` (`RFC`, `Nombre`, `Paterno`, `Materno`, `Email`, `Unidad_Academica`, `Galardon`, `Asiento`, `Asistencia`, `Observaciones`) VALUES ('GUGM570426', 'Marcelino', 'Guzmán', 'Gallardo', 'juaco-1997@hotmail.es', 28, 1, '24G', 0, '');
INSERT INTO `galardonados`.`Galardonado` (`RFC`, `Nombre`, `Paterno`, `Materno`, `Email`, `Unidad_Academica`, `Galardon`, `Asiento`, `Asistencia`, `Observaciones`) VALUES ('BABE570407', 'Epifanio Donato', 'Barbabosa', 'Beltrán', 'juaco-1997@hotmail.es', 28, 1, '25G', 0, '');
INSERT INTO `galardonados`.`Galardonado` (`RFC`, `Nombre`, `Paterno`, `Materno`, `Email`, `Unidad_Academica`, `Galardon`, `Asiento`, `Asistencia`, `Observaciones`) VALUES ('HESR530831', 'Ramón', 'Herrera', 'Segovia', 'juaco-1997@hotmail.es', 20, 1, '1H', 0, '');
INSERT INTO `galardonados`.`Galardonado` (`RFC`, `Nombre`, `Paterno`, `Materno`, `Email`, `Unidad_Academica`, `Galardon`, `Asiento`, `Asistencia`, `Observaciones`) VALUES ('ROPA880429', 'Ana Montserrat', 'Romero', 'Paredes', 'juaco-1997@hotmail.es', 20, 1, '2H', 0, '');
INSERT INTO `galardonados`.`Galardonado` (`RFC`, `Nombre`, `Paterno`, `Materno`, `Email`, `Unidad_Academica`, `Galardon`, `Asiento`, `Asistencia`, `Observaciones`) VALUES ('BAHH520810', 'Hilda', 'Banda', 'Hernández', 'juaco-1997@hotmail.es', 20, 1, '3H', 0, '');
INSERT INTO `galardonados`.`Galardonado` (`RFC`, `Nombre`, `Paterno`, `Materno`, `Email`, `Unidad_Academica`, `Galardon`, `Asiento`, `Asistencia`, `Observaciones`) VALUES ('GAXG691204', 'Gustavo', 'Galicia', 'Xolalpa', 'juaco-1997@hotmail.es', 22, 1, '4H', 0, '');
INSERT INTO `galardonados`.`Galardonado` (`RFC`, `Nombre`, `Paterno`, `Materno`, `Email`, `Unidad_Academica`, `Galardon`, `Asiento`, `Asistencia`, `Observaciones`) VALUES ('GASA810421', 'Annel', 'Galicia', 'San Miguel', 'juaco-1997@hotmail.es', 22, 1, '5H', 0, '');
INSERT INTO `galardonados`.`Galardonado` (`RFC`, `Nombre`, `Paterno`, `Materno`, `Email`, `Unidad_Academica`, `Galardon`, `Asiento`, `Asistencia`, `Observaciones`) VALUES ('VECK781228', 'Karina Vianey', 'Vergara', 'Camacho', 'juaco-1997@hotmail.es', 22, 1, '6H', 0, '');
INSERT INTO `galardonados`.`Galardonado` (`RFC`, `Nombre`, `Paterno`, `Materno`, `Email`, `Unidad_Academica`, `Galardon`, `Asiento`, `Asistencia`, `Observaciones`) VALUES ('NARR700417', 'María del Rosario', 'Nájera', 'Ramírez', 'juaco-1997@hotmail.es', 24, 1, '7H', 0, '');
INSERT INTO `galardonados`.`Galardonado` (`RFC`, `Nombre`, `Paterno`, `Materno`, `Email`, `Unidad_Academica`, `Galardon`, `Asiento`, `Asistencia`, `Observaciones`) VALUES ('GOAM910530', 'Mario Iván', 'González', 'Abad', 'juaco-1997@hotmail.es', 24, 1, '8H', 0, '');
INSERT INTO `galardonados`.`Galardonado` (`RFC`, `Nombre`, `Paterno`, `Materno`, `Email`, `Unidad_Academica`, `Galardon`, `Asiento`, `Asistencia`, `Observaciones`) VALUES ('SARF761129', 'Francisco Javier', 'Sánchez', 'Romero', 'juaco-1997@hotmail.es', 24, 1, '9H', 0, '');
INSERT INTO `galardonados`.`Galardonado` (`RFC`, `Nombre`, `Paterno`, `Materno`, `Email`, `Unidad_Academica`, `Galardon`, `Asiento`, `Asistencia`, `Observaciones`) VALUES ('CAAN800412', 'Norma Alicia', 'Caltenco', 'Arceo', 'juaco-1997@hotmail.es', 25, 1, '10H', 0, '');
INSERT INTO `galardonados`.`Galardonado` (`RFC`, `Nombre`, `Paterno`, `Materno`, `Email`, `Unidad_Academica`, `Galardon`, `Asiento`, `Asistencia`, `Observaciones`) VALUES ('GUCY710615', 'Yolanda', 'Gutiérrez', 'Cárdenas', 'juaco-1997@hotmail.es', 25, 1, '11H', 0, '');
INSERT INTO `galardonados`.`Galardonado` (`RFC`, `Nombre`, `Paterno`, `Materno`, `Email`, `Unidad_Academica`, `Galardon`, `Asiento`, `Asistencia`, `Observaciones`) VALUES ('CUDJ700330', 'José Juan', 'Cruz', 'Durán ', 'juaco-1997@hotmail.es', 25, 1, '12H', 0, '');
INSERT INTO `galardonados`.`Galardonado` (`RFC`, `Nombre`, `Paterno`, `Materno`, `Email`, `Unidad_Academica`, `Galardon`, `Asiento`, `Asistencia`, `Observaciones`) VALUES ('FOBF680603', 'María Francisca', 'Flores', 'Bárcenas ', 'juaco-1997@hotmail.es', 27, 1, '13H', 0, '');
INSERT INTO `galardonados`.`Galardonado` (`RFC`, `Nombre`, `Paterno`, `Materno`, `Email`, `Unidad_Academica`, `Galardon`, `Asiento`, `Asistencia`, `Observaciones`) VALUES ('BEJA641207', 'María Alma', 'Benitez', 'Juárez', 'juaco-1997@hotmail.es', 27, 1, '14H', 0, '');
INSERT INTO `galardonados`.`Galardonado` (`RFC`, `Nombre`, `Paterno`, `Materno`, `Email`, `Unidad_Academica`, `Galardon`, `Asiento`, `Asistencia`, `Observaciones`) VALUES ('HEIM680226', 'Martha', 'Hernández', 'Iturriaga ', 'juaco-1997@hotmail.es', 27, 1, '15H', 0, '');
INSERT INTO `galardonados`.`Galardonado` (`RFC`, `Nombre`, `Paterno`, `Materno`, `Email`, `Unidad_Academica`, `Galardon`, `Asiento`, `Asistencia`, `Observaciones`) VALUES ('PEMN701116', 'Norma Angélica', 'Pérez', 'Moctezuma', 'juaco-1997@hotmail.es', 40, 1, '16H', 0, '');
INSERT INTO `galardonados`.`Galardonado` (`RFC`, `Nombre`, `Paterno`, `Materno`, `Email`, `Unidad_Academica`, `Galardon`, `Asiento`, `Asistencia`, `Observaciones`) VALUES ('GAJJ611026', 'Jaime Ernesto', 'García', 'Jiménez', 'juaco-1997@hotmail.es', 40, 1, '17H', 0, '');
INSERT INTO `galardonados`.`Galardonado` (`RFC`, `Nombre`, `Paterno`, `Materno`, `Email`, `Unidad_Academica`, `Galardon`, `Asiento`, `Asistencia`, `Observaciones`) VALUES ('GACJ590822', 'Javier', 'Galván', 'Chávez', 'juaco-1997@hotmail.es', 40, 1, '18H', 0, '');
INSERT INTO `galardonados`.`Galardonado` (`RFC`, `Nombre`, `Paterno`, `Materno`, `Email`, `Unidad_Academica`, `Galardon`, `Asiento`, `Asistencia`, `Observaciones`) VALUES ('CANC800416', 'César Servando', 'Casas', 'Núñez', 'juaco-1997@hotmail.es', 59, 1, '19H', 0, '');
INSERT INTO `galardonados`.`Galardonado` (`RFC`, `Nombre`, `Paterno`, `Materno`, `Email`, `Unidad_Academica`, `Galardon`, `Asiento`, `Asistencia`, `Observaciones`) VALUES ('IANE820517', 'Nereyda', 'Guadalupe', 'Ibarra', 'juaco-1997@hotmail.es', 59, 1, '20H', 0, '');
INSERT INTO `galardonados`.`Galardonado` (`RFC`, `Nombre`, `Paterno`, `Materno`, `Email`, `Unidad_Academica`, `Galardon`, `Asiento`, `Asistencia`, `Observaciones`) VALUES ('HEGU731014', 'Ubaldo', 'Hernández', 'Gutiérrez', 'juaco-1997@hotmail.es', 59, 1, '21H', 0, '');
INSERT INTO `galardonados`.`Galardonado` (`RFC`, `Nombre`, `Paterno`, `Materno`, `Email`, `Unidad_Academica`, `Galardon`, `Asiento`, `Asistencia`, `Observaciones`) VALUES ('GALL661221', 'María de Lourdes', 'García', 'López', 'juaco-1997@hotmail.es', 61, 1, '22H', 0, '');
INSERT INTO `galardonados`.`Galardonado` (`RFC`, `Nombre`, `Paterno`, `Materno`, `Email`, `Unidad_Academica`, `Galardon`, `Asiento`, `Asistencia`, `Observaciones`) VALUES ('RERF841114', 'Flor Isela', 'Retana', 'Rentería', 'juaco-1997@hotmail.es', 61, 1, '23H', 0, '');
INSERT INTO `galardonados`.`Galardonado` (`RFC`, `Nombre`, `Paterno`, `Materno`, `Email`, `Unidad_Academica`, `Galardon`, `Asiento`, `Asistencia`, `Observaciones`) VALUES ('NOVJ720424', 'Jorge', 'Noriega', 'Villa', 'juaco-1997@hotmail.es', 61, 1, '24H', 0, '');
INSERT INTO `galardonados`.`Galardonado` (`RFC`, `Nombre`, `Paterno`, `Materno`, `Email`, `Unidad_Academica`, `Galardon`, `Asiento`, `Asistencia`, `Observaciones`) VALUES ('MARA810111', 'Álvaro', 'Martínez', 'Reyes', 'juaco-1997@hotmail.es', 62, 1, '25H', 0, '');
INSERT INTO `galardonados`.`Galardonado` (`RFC`, `Nombre`, `Paterno`, `Materno`, `Email`, `Unidad_Academica`, `Galardon`, `Asiento`, `Asistencia`, `Observaciones`) VALUES ('RASR710510', 'Raquel', 'Ramón', 'Sosa ', 'juaco-1997@hotmail.es', 62, 1, '1I', 0, '');
INSERT INTO `galardonados`.`Galardonado` (`RFC`, `Nombre`, `Paterno`, `Materno`, `Email`, `Unidad_Academica`, `Galardon`, `Asiento`, `Asistencia`, `Observaciones`) VALUES ('GULR860123', 'Roberto Antonio', 'Guzmán', 'León', 'juaco-1997@hotmail.es', 62, 1, '2I', 0, '');
INSERT INTO `galardonados`.`Galardonado` (`RFC`, `Nombre`, `Paterno`, `Materno`, `Email`, `Unidad_Academica`, `Galardon`, `Asiento`, `Asistencia`, `Observaciones`) VALUES ('CATJ800217', 'Jorge Ivan', 'Carrillo', 'Tellez', 'juaco-1997@hotmail.es', 55, 1, '3I', 0, '');
INSERT INTO `galardonados`.`Galardonado` (`RFC`, `Nombre`, `Paterno`, `Materno`, `Email`, `Unidad_Academica`, `Galardon`, `Asiento`, `Asistencia`, `Observaciones`) VALUES ('BAEE770115', 'Elda', 'Baranda', 'Esquivel', 'juaco-1997@hotmail.es', 55, 1, '4I', 0, '');
INSERT INTO `galardonados`.`Galardonado` (`RFC`, `Nombre`, `Paterno`, `Materno`, `Email`, `Unidad_Academica`, `Galardon`, `Asiento`, `Asistencia`, `Observaciones`) VALUES ('PAMI691010', 'Irene', 'Plata', 'Monroy', 'juaco-1997@hotmail.es', 57, 1, '5I', 0, '');
INSERT INTO `galardonados`.`Galardonado` (`RFC`, `Nombre`, `Paterno`, `Materno`, `Email`, `Unidad_Academica`, `Galardon`, `Asiento`, `Asistencia`, `Observaciones`) VALUES ('RIRL780924', 'Luis', 'Rizo', 'Ruíz', 'juaco-1997@hotmail.es', 57, 1, '6I', 0, '');
INSERT INTO `galardonados`.`Galardonado` (`RFC`, `Nombre`, `Paterno`, `Materno`, `Email`, `Unidad_Academica`, `Galardon`, `Asiento`, `Asistencia`, `Observaciones`) VALUES ('CAAP690310', 'Pablo', 'Cabrera', 'Alvarado', 'juaco-1997@hotmail.es', 47, 1, '7I', 0, '');
INSERT INTO `galardonados`.`Galardonado` (`RFC`, `Nombre`, `Paterno`, `Materno`, `Email`, `Unidad_Academica`, `Galardon`, `Asiento`, `Asistencia`, `Observaciones`) VALUES ('MOCE800511', 'Esthela', 'Moreno', 'Chapa', 'juaco-1997@hotmail.es', 47, 1, '8I', 0, '');
INSERT INTO `galardonados`.`Galardonado` (`RFC`, `Nombre`, `Paterno`, `Materno`, `Email`, `Unidad_Academica`, `Galardon`, `Asiento`, `Asistencia`, `Observaciones`) VALUES ('QUHC650913', 'María del Carmen', 'Quiroz', 'Herrera', 'juaco-1997@hotmail.es', 47, 1, '9I', 0, '');
INSERT INTO `galardonados`.`Galardonado` (`RFC`, `Nombre`, `Paterno`, `Materno`, `Email`, `Unidad_Academica`, `Galardon`, `Asiento`, `Asistencia`, `Observaciones`) VALUES ('GOZA600901', 'Artemio', 'González', 'Zamudio', 'juaco-1997@hotmail.es', 53, 1, '10I', 0, '');
INSERT INTO `galardonados`.`Galardonado` (`RFC`, `Nombre`, `Paterno`, `Materno`, `Email`, `Unidad_Academica`, `Galardon`, `Asiento`, `Asistencia`, `Observaciones`) VALUES ('MERA550906', 'Arturo', 'Méndez', 'Romero', 'juaco-1997@hotmail.es', 53, 1, '11I', 0, '');
INSERT INTO `galardonados`.`Galardonado` (`RFC`, `Nombre`, `Paterno`, `Materno`, `Email`, `Unidad_Academica`, `Galardon`, `Asiento`, `Asistencia`, `Observaciones`) VALUES ('MAPG741025', 'Gabino', 'Martínez', 'Pérez', 'juaco-1997@hotmail.es', 53, 1, '12I', 0, '');
INSERT INTO `galardonados`.`Galardonado` (`RFC`, `Nombre`, `Paterno`, `Materno`, `Email`, `Unidad_Academica`, `Galardon`, `Asiento`, `Asistencia`, `Observaciones`) VALUES ('GAGL620822', 'María de Lourdes', 'Galicia', 'Galicia', 'juaco-1997@hotmail.es', 52, 1, '13I', 0, '');
INSERT INTO `galardonados`.`Galardonado` (`RFC`, `Nombre`, `Paterno`, `Materno`, `Email`, `Unidad_Academica`, `Galardon`, `Asiento`, `Asistencia`, `Observaciones`) VALUES ('COSL680114', 'María de Lourdes', 'Correa', 'Saldaña', 'juaco-1997@hotmail.es', 52, 1, '14I', 0, '');
INSERT INTO `galardonados`.`Galardonado` (`RFC`, `Nombre`, `Paterno`, `Materno`, `Email`, `Unidad_Academica`, `Galardon`, `Asiento`, `Asistencia`, `Observaciones`) VALUES ('GUPE640521', 'Elías', 'Gutiérrez', 'Páramo', 'juaco-1997@hotmail.es', 52, 1, '15I', 0, '');
INSERT INTO `galardonados`.`Galardonado` (`RFC`, `Nombre`, `Paterno`, `Materno`, `Email`, `Unidad_Academica`, `Galardon`, `Asiento`, `Asistencia`, `Observaciones`) VALUES ('CUVA600612', 'Aida', 'Cruz', 'Vega', 'juaco-1997@hotmail.es', 54, 1, '16I', 0, '');
INSERT INTO `galardonados`.`Galardonado` (`RFC`, `Nombre`, `Paterno`, `Materno`, `Email`, `Unidad_Academica`, `Galardon`, `Asiento`, `Asistencia`, `Observaciones`) VALUES ('LORJ690319', 'José', 'López', 'Ríos', 'juaco-1997@hotmail.es', 56, 1, '17I', 0, '');
INSERT INTO `galardonados`.`Galardonado` (`RFC`, `Nombre`, `Paterno`, `Materno`, `Email`, `Unidad_Academica`, `Galardon`, `Asiento`, `Asistencia`, `Observaciones`) VALUES ('GACM710712', 'María Martha', 'García', 'Coronado', 'juaco-1997@hotmail.es', 56, 1, '18I', 0, '');
INSERT INTO `galardonados`.`Galardonado` (`RFC`, `Nombre`, `Paterno`, `Materno`, `Email`, `Unidad_Academica`, `Galardon`, `Asiento`, `Asistencia`, `Observaciones`) VALUES ('MECV841214', 'Verónica', 'Medina', 'Corral', 'juaco-1997@hotmail.es', 56, 1, '19I', 0, '');
INSERT INTO `galardonados`.`Galardonado` (`RFC`, `Nombre`, `Paterno`, `Materno`, `Email`, `Unidad_Academica`, `Galardon`, `Asiento`, `Asistencia`, `Observaciones`) VALUES ('JUBD720623', 'Dulce María', 'Juárez', 'Banda', 'juaco-1997@hotmail.es', 51, 1, '20I', 0, '');
INSERT INTO `galardonados`.`Galardonado` (`RFC`, `Nombre`, `Paterno`, `Materno`, `Email`, `Unidad_Academica`, `Galardon`, `Asiento`, `Asistencia`, `Observaciones`) VALUES ('SASF660302', 'José Federico', 'Sánchez', 'Sosa', 'juaco-1997@hotmail.es', 51, 1, '21I', 0, '');
INSERT INTO `galardonados`.`Galardonado` (`RFC`, `Nombre`, `Paterno`, `Materno`, `Email`, `Unidad_Academica`, `Galardon`, `Asiento`, `Asistencia`, `Observaciones`) VALUES ('CAJT580925', 'Teresita', 'Cardona', 'Juárez', 'juaco-1997@hotmail.es', 51, 1, '22I', 0, '');
INSERT INTO `galardonados`.`Galardonado` (`RFC`, `Nombre`, `Paterno`, `Materno`, `Email`, `Unidad_Academica`, `Galardon`, `Asiento`, `Asistencia`, `Observaciones`) VALUES ('GUSJ751114', 'Juan Manuel', 'Guzmán', 'Salas', 'juaco-1997@hotmail.es', 49, 1, '23I', 0, '');
INSERT INTO `galardonados`.`Galardonado` (`RFC`, `Nombre`, `Paterno`, `Materno`, `Email`, `Unidad_Academica`, `Galardon`, `Asiento`, `Asistencia`, `Observaciones`) VALUES ('TOMJ650420', 'Joel', 'Toledo', 'Molano ', 'juaco-1997@hotmail.es', 49, 1, '24I', 0, '');
INSERT INTO `galardonados`.`Galardonado` (`RFC`, `Nombre`, `Paterno`, `Materno`, `Email`, `Unidad_Academica`, `Galardon`, `Asiento`, `Asistencia`, `Observaciones`) VALUES ('CARE870706', 'Edith Berenitze', 'Calvillo', 'Ramirez', 'juaco-1997@hotmail.es', 58, 1, '25I', 0, '');
INSERT INTO `galardonados`.`Galardonado` (`RFC`, `Nombre`, `Paterno`, `Materno`, `Email`, `Unidad_Academica`, `Galardon`, `Asiento`, `Asistencia`, `Observaciones`) VALUES ('GUAJ850112', 'Jazmín', 'Guerra', 'Alcántara', 'juaco-1997@hotmail.es', 67, 1, '1J', 0, '');
INSERT INTO `galardonados`.`Galardonado` (`RFC`, `Nombre`, `Paterno`, `Materno`, `Email`, `Unidad_Academica`, `Galardon`, `Asiento`, `Asistencia`, `Observaciones`) VALUES ('GUHL810712', 'Luis Paul', 'Gutiérrez', 'Hernández', 'juaco-1997@hotmail.es', 67, 1, '2J', 0, '');
INSERT INTO `galardonados`.`Galardonado` (`RFC`, `Nombre`, `Paterno`, `Materno`, `Email`, `Unidad_Academica`, `Galardon`, `Asiento`, `Asistencia`, `Observaciones`) VALUES ('MACM640411', 'María Magdalena', 'Martínez', 'Carrillo', 'juaco-1997@hotmail.es', 67, 1, '3J', 0, '');
INSERT INTO `galardonados`.`Galardonado` (`RFC`, `Nombre`, `Paterno`, `Materno`, `Email`, `Unidad_Academica`, `Galardon`, `Asiento`, `Asistencia`, `Observaciones`) VALUES ('MASO581005', 'Sofía', 'Macías', '', 'juaco-1997@hotmail.es', 68, 1, '4J', 0, '');
INSERT INTO `galardonados`.`Galardonado` (`RFC`, `Nombre`, `Paterno`, `Materno`, `Email`, `Unidad_Academica`, `Galardon`, `Asiento`, `Asistencia`, `Observaciones`) VALUES ('EARG821010', 'Georgina Irasema', 'Estrada', 'Rivera', 'juaco-1997@hotmail.es', 68, 1, '5J', 0, '');
INSERT INTO `galardonados`.`Galardonado` (`RFC`, `Nombre`, `Paterno`, `Materno`, `Email`, `Unidad_Academica`, `Galardon`, `Asiento`, `Asistencia`, `Observaciones`) VALUES ('RISR610808', 'María del Rosario', 'Rivera', 'Samaniego', 'juaco-1997@hotmail.es', 68, 1, '6J', 0, '');
INSERT INTO `galardonados`.`Galardonado` (`RFC`, `Nombre`, `Paterno`, `Materno`, `Email`, `Unidad_Academica`, `Galardon`, `Asiento`, `Asistencia`, `Observaciones`) VALUES ('TOLV710602', 'Viridiana', 'del Toro', 'López', 'juaco-1997@hotmail.es', 69, 1, '7J', 0, '');
INSERT INTO `galardonados`.`Galardonado` (`RFC`, `Nombre`, `Paterno`, `Materno`, `Email`, `Unidad_Academica`, `Galardon`, `Asiento`, `Asistencia`, `Observaciones`) VALUES ('RUCR841028', 'Ramón Octavio', 'Ruíz', 'Carlón', 'juaco-1997@hotmail.es', 70, 1, '8J', 0, '');
INSERT INTO `galardonados`.`Galardonado` (`RFC`, `Nombre`, `Paterno`, `Materno`, `Email`, `Unidad_Academica`, `Galardon`, `Asiento`, `Asistencia`, `Observaciones`) VALUES ('AAIA810312', 'José Andrés', 'Álvarez', 'Ibarra', 'juaco-1997@hotmail.es', 70, 1, '9J', 0, '');
INSERT INTO `galardonados`.`Galardonado` (`RFC`, `Nombre`, `Paterno`, `Materno`, `Email`, `Unidad_Academica`, `Galardon`, `Asiento`, `Asistencia`, `Observaciones`) VALUES ('PICA790917', 'Arianna Arozibel', 'Pineda', 'Carrasco', 'juaco-1997@hotmail.es', 70, 1, '10J', 0, '');
INSERT INTO `galardonados`.`Galardonado` (`RFC`, `Nombre`, `Paterno`, `Materno`, `Email`, `Unidad_Academica`, `Galardon`, `Asiento`, `Asistencia`, `Observaciones`) VALUES ('AIGE760708', 'Esperanza', 'Aviña', 'García', 'juaco-1997@hotmail.es', 71, 1, '11J', 0, '');
INSERT INTO `galardonados`.`Galardonado` (`RFC`, `Nombre`, `Paterno`, `Materno`, `Email`, `Unidad_Academica`, `Galardon`, `Asiento`, `Asistencia`, `Observaciones`) VALUES ('MANK750818', 'Karol Angélica', 'Marín', 'Nova', 'juaco-1997@hotmail.es', 71, 1, '12J', 0, '');
INSERT INTO `galardonados`.`Galardonado` (`RFC`, `Nombre`, `Paterno`, `Materno`, `Email`, `Unidad_Academica`, `Galardon`, `Asiento`, `Asistencia`, `Observaciones`) VALUES ('PALG831114', 'María Guadalupe', 'Parga', 'López', 'juaco-1997@hotmail.es', 72, 1, '13J', 0, '');
INSERT INTO `galardonados`.`Galardonado` (`RFC`, `Nombre`, `Paterno`, `Materno`, `Email`, `Unidad_Academica`, `Galardon`, `Asiento`, `Asistencia`, `Observaciones`) VALUES ('RAAD681019', 'Diana Laura', 'Ramírez', 'Álvarez', 'juaco-1997@hotmail.es', 73, 1, '14J', 0, '');
INSERT INTO `galardonados`.`Galardonado` (`RFC`, `Nombre`, `Paterno`, `Materno`, `Email`, `Unidad_Academica`, `Galardon`, `Asiento`, `Asistencia`, `Observaciones`) VALUES ('ROOR690527', 'José Ramón', 'Rodríguez', 'Ojeda', 'juaco-1997@hotmail.es', 73, 1, '15J', 0, '');
INSERT INTO `galardonados`.`Galardonado` (`RFC`, `Nombre`, `Paterno`, `Materno`, `Email`, `Unidad_Academica`, `Galardon`, `Asiento`, `Asistencia`, `Observaciones`) VALUES ('FERA561101', 'Ángela', 'Félix', 'Reyes', 'juaco-1997@hotmail.es', 74, 1, '16J', 0, '');
INSERT INTO `galardonados`.`Galardonado` (`RFC`, `Nombre`, `Paterno`, `Materno`, `Email`, `Unidad_Academica`, `Galardon`, `Asiento`, `Asistencia`, `Observaciones`) VALUES ('HEBP580102', 'Patricia', 'Hernández', 'Balderas', 'juaco-1997@hotmail.es', 74, 1, '17J', 0, '');
INSERT INTO `galardonados`.`Galardonado` (`RFC`, `Nombre`, `Paterno`, `Materno`, `Email`, `Unidad_Academica`, `Galardon`, `Asiento`, `Asistencia`, `Observaciones`) VALUES ('TEMG631204', 'Ma. Guadalupe', 'Trejo', 'Martínez', 'juaco-1997@hotmail.es', 75, 1, '18J', 0, '');
INSERT INTO `galardonados`.`Galardonado` (`RFC`, `Nombre`, `Paterno`, `Materno`, `Email`, `Unidad_Academica`, `Galardon`, `Asiento`, `Asistencia`, `Observaciones`) VALUES ('GOEE930613', 'Erick', 'Gordillo', 'Escobar ', 'juaco-1997@hotmail.es', 75, 1, '19J', 0, '');
INSERT INTO `galardonados`.`Galardonado` (`RFC`, `Nombre`, `Paterno`, `Materno`, `Email`, `Unidad_Academica`, `Galardon`, `Asiento`, `Asistencia`, `Observaciones`) VALUES ('XILS910302', 'Sergio Yair', 'Xicotencatl', 'Llera', 'juaco-1997@hotmail.es', 75, 1, '20J', 0, '');
INSERT INTO `galardonados`.`Galardonado` (`RFC`, `Nombre`, `Paterno`, `Materno`, `Email`, `Unidad_Academica`, `Galardon`, `Asiento`, `Asistencia`, `Observaciones`) VALUES ('COVC500403', 'María Cristina', 'Colín', 'Villanueva', 'juaco-1997@hotmail.es', 76, 1, '21J', 0, '');
INSERT INTO `galardonados`.`Galardonado` (`RFC`, `Nombre`, `Paterno`, `Materno`, `Email`, `Unidad_Academica`, `Galardon`, `Asiento`, `Asistencia`, `Observaciones`) VALUES ('GODA750831', 'Alberto Jorge', 'González', 'Díaz', 'juaco-1997@hotmail.es', 76, 1, '22J', 0, '');
INSERT INTO `galardonados`.`Galardonado` (`RFC`, `Nombre`, `Paterno`, `Materno`, `Email`, `Unidad_Academica`, `Galardon`, `Asiento`, `Asistencia`, `Observaciones`) VALUES ('SAHF780227', 'Fanny', 'Sauza', 'Hernández', 'juaco-1997@hotmail.es', 76, 1, '23J', 0, '');
INSERT INTO `galardonados`.`Galardonado` (`RFC`, `Nombre`, `Paterno`, `Materno`, `Email`, `Unidad_Academica`, `Galardon`, `Asiento`, `Asistencia`, `Observaciones`) VALUES ('MOAJ631206', 'Ma. Julia', 'Morales', 'Álvarez', 'juaco-1997@hotmail.es', 77, 1, '24J', 0, '');
INSERT INTO `galardonados`.`Galardonado` (`RFC`, `Nombre`, `Paterno`, `Materno`, `Email`, `Unidad_Academica`, `Galardon`, `Asiento`, `Asistencia`, `Observaciones`) VALUES ('JULM671105', 'Ma. Isabel', 'Juárez', 'Lara', 'juaco-1997@hotmail.es', 77, 1, '25J', 0, '');
INSERT INTO `galardonados`.`Galardonado` (`RFC`, `Nombre`, `Paterno`, `Materno`, `Email`, `Unidad_Academica`, `Galardon`, `Asiento`, `Asistencia`, `Observaciones`) VALUES ('SAMJ870323', 'Juan Jesús', 'Sánchez', 'Marín', 'juaco-1997@hotmail.es', 78, 1, '1K', 0, '');
INSERT INTO `galardonados`.`Galardonado` (`RFC`, `Nombre`, `Paterno`, `Materno`, `Email`, `Unidad_Academica`, `Galardon`, `Asiento`, `Asistencia`, `Observaciones`) VALUES ('SOOE761215', 'Elizabeth', 'Solis', 'Ocampo', 'juaco-1997@hotmail.es', 78, 1, '2K', 0, '');
INSERT INTO `galardonados`.`Galardonado` (`RFC`, `Nombre`, `Paterno`, `Materno`, `Email`, `Unidad_Academica`, `Galardon`, `Asiento`, `Asistencia`, `Observaciones`) VALUES ('VABA721101', 'Araceli', 'Vázquez', 'Betancourt', 'juaco-1997@hotmail.es', 79, 1, '3K', 0, '');
INSERT INTO `galardonados`.`Galardonado` (`RFC`, `Nombre`, `Paterno`, `Materno`, `Email`, `Unidad_Academica`, `Galardon`, `Asiento`, `Asistencia`, `Observaciones`) VALUES ('AARE791201', 'María Elena', 'Álvarez', 'Rodríguez', 'juaco-1997@hotmail.es', 79, 1, '4K', 0, '');
INSERT INTO `galardonados`.`Galardonado` (`RFC`, `Nombre`, `Paterno`, `Materno`, `Email`, `Unidad_Academica`, `Galardon`, `Asiento`, `Asistencia`, `Observaciones`) VALUES ('BAAC641022', 'César', 'Basurto', 'Acevedo', 'juaco-1997@hotmail.es', 80, 1, '5K', 0, '');
INSERT INTO `galardonados`.`Galardonado` (`RFC`, `Nombre`, `Paterno`, `Materno`, `Email`, `Unidad_Academica`, `Galardon`, `Asiento`, `Asistencia`, `Observaciones`) VALUES ('GOVN621207', 'Norma Angélica', 'Godínez', 'Vallejo', 'juaco-1997@hotmail.es', 81, 1, '6K', 0, '');
INSERT INTO `galardonados`.`Galardonado` (`RFC`, `Nombre`, `Paterno`, `Materno`, `Email`, `Unidad_Academica`, `Galardon`, `Asiento`, `Asistencia`, `Observaciones`) VALUES ('ROGA801023', 'Alejandro', 'Rojas', 'Guzmán', 'juaco-1997@hotmail.es', 82, 1, '7K', 0, '');
INSERT INTO `galardonados`.`Galardonado` (`RFC`, `Nombre`, `Paterno`, `Materno`, `Email`, `Unidad_Academica`, `Galardon`, `Asiento`, `Asistencia`, `Observaciones`) VALUES ('MABV750223', 'Víctor Alberto', 'Martínez', 'Bautista', 'juaco-1997@hotmail.es', 82, 1, '8K', 0, '');
INSERT INTO `galardonados`.`Galardonado` (`RFC`, `Nombre`, `Paterno`, `Materno`, `Email`, `Unidad_Academica`, `Galardon`, `Asiento`, `Asistencia`, `Observaciones`) VALUES ('MOLP601009', 'Pablo', 'Monjarás', 'López', 'juaco-1997@hotmail.es', 83, 1, '9K', 0, '');
INSERT INTO `galardonados`.`Galardonado` (`RFC`, `Nombre`, `Paterno`, `Materno`, `Email`, `Unidad_Academica`, `Galardon`, `Asiento`, `Asistencia`, `Observaciones`) VALUES ('RAAA740815', 'Alfredo', 'Ramirez', 'Arechar', 'juaco-1997@hotmail.es', 83, 1, '10K', 0, '');
INSERT INTO `galardonados`.`Galardonado` (`RFC`, `Nombre`, `Paterno`, `Materno`, `Email`, `Unidad_Academica`, `Galardon`, `Asiento`, `Asistencia`, `Observaciones`) VALUES ('CARA550419', 'Antonio', 'Castillo', 'Rivas', 'juaco-1997@hotmail.es', 84, 1, '11K', 0, '');
INSERT INTO `galardonados`.`Galardonado` (`RFC`, `Nombre`, `Paterno`, `Materno`, `Email`, `Unidad_Academica`, `Galardon`, `Asiento`, `Asistencia`, `Observaciones`) VALUES ('POMP800723', 'Pablo', 'Poo', 'Mendieta', 'juaco-1997@hotmail.es', 85, 1, '12K', 0, '');
INSERT INTO `galardonados`.`Galardonado` (`RFC`, `Nombre`, `Paterno`, `Materno`, `Email`, `Unidad_Academica`, `Galardon`, `Asiento`, `Asistencia`, `Observaciones`) VALUES ('CEGG770409', 'Gloria', 'Araceli', 'Cedillo González', 'juaco-1997@hotmail.es', 85, 1, '13K', 0, '');
INSERT INTO `galardonados`.`Galardonado` (`RFC`, `Nombre`, `Paterno`, `Materno`, `Email`, `Unidad_Academica`, `Galardon`, `Asiento`, `Asistencia`, `Observaciones`) VALUES ('COGX700718', 'María Eugenia', 'Contreras', 'Gallardo', 'juaco-1997@hotmail.es', 85, 1, '14K', 0, '');
INSERT INTO `galardonados`.`Galardonado` (`RFC`, `Nombre`, `Paterno`, `Materno`, `Email`, `Unidad_Academica`, `Galardon`, `Asiento`, `Asistencia`, `Observaciones`) VALUES ('CEBL641209', 'Luis', 'Ceballos', 'Barragán', 'juaco-1997@hotmail.es', 86, 1, '15K', 0, '');
INSERT INTO `galardonados`.`Galardonado` (`RFC`, `Nombre`, `Paterno`, `Materno`, `Email`, `Unidad_Academica`, `Galardon`, `Asiento`, `Asistencia`, `Observaciones`) VALUES ('IAOV730304', 'Víctor Manuel', 'Islas', 'Olivos', 'juaco-1997@hotmail.es', 86, 1, '16K', 0, '');
INSERT INTO `galardonados`.`Galardonado` (`RFC`, `Nombre`, `Paterno`, `Materno`, `Email`, `Unidad_Academica`, `Galardon`, `Asiento`, `Asistencia`, `Observaciones`) VALUES ('DEAV540628', 'Víctor Manuel', 'Delgado', 'Arellano', 'juaco-1997@hotmail.es', 86, 1, '17K', 0, '');
INSERT INTO `galardonados`.`Galardonado` (`RFC`, `Nombre`, `Paterno`, `Materno`, `Email`, `Unidad_Academica`, `Galardon`, `Asiento`, `Asistencia`, `Observaciones`) VALUES ('IAPE721117', 'Enedelia', 'Ibarra', 'Pineda', 'juaco-1997@hotmail.es', 87, 1, '18K', 0, '');
INSERT INTO `galardonados`.`Galardonado` (`RFC`, `Nombre`, `Paterno`, `Materno`, `Email`, `Unidad_Academica`, `Galardon`, `Asiento`, `Asistencia`, `Observaciones`) VALUES ('LOUS630530', 'SiIvia Rosa', 'Lopeandia', 'Urbina', 'juaco-1997@hotmail.es', 87, 1, '19K', 0, '');
INSERT INTO `galardonados`.`Galardonado` (`RFC`, `Nombre`, `Paterno`, `Materno`, `Email`, `Unidad_Academica`, `Galardon`, `Asiento`, `Asistencia`, `Observaciones`) VALUES ('TAMJ711204', 'Javier', 'Tadeo', 'Márquez ', 'juaco-1997@hotmail.es', 87, 1, '20K', 0, '');
INSERT INTO `galardonados`.`Galardonado` (`RFC`, `Nombre`, `Paterno`, `Materno`, `Email`, `Unidad_Academica`, `Galardon`, `Asiento`, `Asistencia`, `Observaciones`) VALUES ('OORC880806', 'Carolina', 'Oropeza', 'Ramírez', 'juaco-1997@hotmail.es', 88, 1, '21K', 0, '');
INSERT INTO `galardonados`.`Galardonado` (`RFC`, `Nombre`, `Paterno`, `Materno`, `Email`, `Unidad_Academica`, `Galardon`, `Asiento`, `Asistencia`, `Observaciones`) VALUES ('REHA740406', 'Armando', 'Reséndiz', 'Hernández', 'juaco-1997@hotmail.es', 88, 1, '22K', 0, '');
INSERT INTO `galardonados`.`Galardonado` (`RFC`, `Nombre`, `Paterno`, `Materno`, `Email`, `Unidad_Academica`, `Galardon`, `Asiento`, `Asistencia`, `Observaciones`) VALUES ('GUPS640707', 'Silvino', 'Guerrero', 'Peña', 'juaco-1997@hotmail.es', 88, 1, '23K', 0, '');
INSERT INTO `galardonados`.`Galardonado` (`RFC`, `Nombre`, `Paterno`, `Materno`, `Email`, `Unidad_Academica`, `Galardon`, `Asiento`, `Asistencia`, `Observaciones`) VALUES ('GACI590603', 'José Isaac', 'García', 'Carmona', 'juaco-1997@hotmail.es', 89, 1, '24K', 0, '');
INSERT INTO `galardonados`.`Galardonado` (`RFC`, `Nombre`, `Paterno`, `Materno`, `Email`, `Unidad_Academica`, `Galardon`, `Asiento`, `Asistencia`, `Observaciones`) VALUES ('GAVT670924', 'María Teresa', 'García', 'Vázquez', 'juaco-1997@hotmail.es', 89, 1, '25K', 0, '');
INSERT INTO `galardonados`.`Galardonado` (`RFC`, `Nombre`, `Paterno`, `Materno`, `Email`, `Unidad_Academica`, `Galardon`, `Asiento`, `Asistencia`, `Observaciones`) VALUES ('GADF790414', 'Fabiola', 'García', 'Durán', 'juaco-1997@hotmail.es', 89, 1, '1L', 0, '');
INSERT INTO `galardonados`.`Galardonado` (`RFC`, `Nombre`, `Paterno`, `Materno`, `Email`, `Unidad_Academica`, `Galardon`, `Asiento`, `Asistencia`, `Observaciones`) VALUES ('FOGR691218', 'Rubén', 'Fonseca', 'Gutiérrez', 'juaco-1997@hotmail.es', 90, 1, '2L', 0, '');
INSERT INTO `galardonados`.`Galardonado` (`RFC`, `Nombre`, `Paterno`, `Materno`, `Email`, `Unidad_Academica`, `Galardon`, `Asiento`, `Asistencia`, `Observaciones`) VALUES ('AUTV660101', 'Víctor Manuel', 'Aguilar', 'Tlapale', 'juaco-1997@hotmail.es', 91, 1, '3L', 0, '');
INSERT INTO `galardonados`.`Galardonado` (`RFC`, `Nombre`, `Paterno`, `Materno`, `Email`, `Unidad_Academica`, `Galardon`, `Asiento`, `Asistencia`, `Observaciones`) VALUES ('BAGA541105', 'Ana María', 'Baeza', 'Gómez', 'juaco-1997@hotmail.es', 92, 1, '4L', 0, '');
INSERT INTO `galardonados`.`Galardonado` (`RFC`, `Nombre`, `Paterno`, `Materno`, `Email`, `Unidad_Academica`, `Galardon`, `Asiento`, `Asistencia`, `Observaciones`) VALUES ('MARR730921', 'Rosario', 'Márquez', 'Ramírez', 'juaco-1997@hotmail.es', 93, 1, '5L', 0, '');
INSERT INTO `galardonados`.`Galardonado` (`RFC`, `Nombre`, `Paterno`, `Materno`, `Email`, `Unidad_Academica`, `Galardon`, `Asiento`, `Asistencia`, `Observaciones`) VALUES ('OIRA730527', 'Alfredo Erasto', 'Ortiz', 'Rodríguez', 'juaco-1997@hotmail.es', 94, 1, '6L', 0, '');
INSERT INTO `galardonados`.`Galardonado` (`RFC`, `Nombre`, `Paterno`, `Materno`, `Email`, `Unidad_Academica`, `Galardon`, `Asiento`, `Asistencia`, `Observaciones`) VALUES ('ROOD790509', 'Dalia', 'Rosas', 'Olivos ', 'juaco-1997@hotmail.es', 94, 1, '7L', 0, '');
INSERT INTO `galardonados`.`Galardonado` (`RFC`, `Nombre`, `Paterno`, `Materno`, `Email`, `Unidad_Academica`, `Galardon`, `Asiento`, `Asistencia`, `Observaciones`) VALUES ('MALA861025', 'Alejandra Danae', 'Martínez', 'López', 'juaco-1997@hotmail.es', 94, 1, '8L', 0, '');
INSERT INTO `galardonados`.`Galardonado` (`RFC`, `Nombre`, `Paterno`, `Materno`, `Email`, `Unidad_Academica`, `Galardon`, `Asiento`, `Asistencia`, `Observaciones`) VALUES ('VATH760227', 'Héctor Gilberto Gabriel', 'Valencia', 'Trujillo', 'juaco-1997@hotmail.es', 95, 1, '9L', 0, '');
INSERT INTO `galardonados`.`Galardonado` (`RFC`, `Nombre`, `Paterno`, `Materno`, `Email`, `Unidad_Academica`, `Galardon`, `Asiento`, `Asistencia`, `Observaciones`) VALUES ('GUAV770529', 'Vianey', 'Guerra', 'Alcantara', 'juaco-1997@hotmail.es', 95, 1, '10L', 0, '');
INSERT INTO `galardonados`.`Galardonado` (`RFC`, `Nombre`, `Paterno`, `Materno`, `Email`, `Unidad_Academica`, `Galardon`, `Asiento`, `Asistencia`, `Observaciones`) VALUES ('GAGE930619', 'Ernesto Saúl', 'Galván', 'González', 'juaco-1997@hotmail.es', 96, 1, '11L', 0, '');
INSERT INTO `galardonados`.`Galardonado` (`RFC`, `Nombre`, `Paterno`, `Materno`, `Email`, `Unidad_Academica`, `Galardon`, `Asiento`, `Asistencia`, `Observaciones`) VALUES ('PUMF820301', 'Francisco', 'Pulido', 'Morales', 'juaco-1997@hotmail.es', 96, 1, '12L', 0, '');
INSERT INTO `galardonados`.`Galardonado` (`RFC`, `Nombre`, `Paterno`, `Materno`, `Email`, `Unidad_Academica`, `Galardon`, `Asiento`, `Asistencia`, `Observaciones`) VALUES ('EAMM710909', 'Martha', 'Escalante', 'Morales', 'juaco-1997@hotmail.es', 97, 1, '13L', 0, '');
INSERT INTO `galardonados`.`Galardonado` (`RFC`, `Nombre`, `Paterno`, `Materno`, `Email`, `Unidad_Academica`, `Galardon`, `Asiento`, `Asistencia`, `Observaciones`) VALUES ('ROHP740712', 'María del Pilar', 'Roa', 'Hernández', 'juaco-1997@hotmail.es', 97, 1, '14L', 0, '');
INSERT INTO `galardonados`.`Galardonado` (`RFC`, `Nombre`, `Paterno`, `Materno`, `Email`, `Unidad_Academica`, `Galardon`, `Asiento`, `Asistencia`, `Observaciones`) VALUES ('LOGE810825', 'Esmirna Concepción', 'López', 'Gallegos', 'juaco-1997@hotmail.es', 98, 1, '15L', 0, '');
INSERT INTO `galardonados`.`Galardonado` (`RFC`, `Nombre`, `Paterno`, `Materno`, `Email`, `Unidad_Academica`, `Galardon`, `Asiento`, `Asistencia`, `Observaciones`) VALUES ('TOEL840404', 'Lizeth Araceli', 'Toledo', 'Escalante', 'juaco-1997@hotmail.es', 98, 1, '16L', 0, '');
INSERT INTO `galardonados`.`Galardonado` (`RFC`, `Nombre`, `Paterno`, `Materno`, `Email`, `Unidad_Academica`, `Galardon`, `Asiento`, `Asistencia`, `Observaciones`) VALUES ('SOMM790430', 'Miriam Selene', 'Somera', 'Martinez', 'juaco-1997@hotmail.es', 98, 1, '17L', 0, '');
INSERT INTO `galardonados`.`Galardonado` (`RFC`, `Nombre`, `Paterno`, `Materno`, `Email`, `Unidad_Academica`, `Galardon`, `Asiento`, `Asistencia`, `Observaciones`) VALUES ('HERA631206', 'Alicia', 'Hernández', 'Ramírez', 'juaco-1997@hotmail.es', 99, 1, '18L', 0, '');
INSERT INTO `galardonados`.`Galardonado` (`RFC`, `Nombre`, `Paterno`, `Materno`, `Email`, `Unidad_Academica`, `Galardon`, `Asiento`, `Asistencia`, `Observaciones`) VALUES ('QUDN750305', 'Narda Araceli', 'Quintana', 'Diosdado', 'juaco-1997@hotmail.es', 100, 1, '19L', 0, '');
INSERT INTO `galardonados`.`Galardonado` (`RFC`, `Nombre`, `Paterno`, `Materno`, `Email`, `Unidad_Academica`, `Galardon`, `Asiento`, `Asistencia`, `Observaciones`) VALUES ('SALO680206', 'Olga Alicia', 'Sánchez', 'López', 'juaco-1997@hotmail.es', 100, 1, '20L', 0, '');
INSERT INTO `galardonados`.`Galardonado` (`RFC`, `Nombre`, `Paterno`, `Materno`, `Email`, `Unidad_Academica`, `Galardon`, `Asiento`, `Asistencia`, `Observaciones`) VALUES ('RARC621127', 'Catalina', 'Ramos', 'Ramos', 'juaco-1997@hotmail.es', 100, 1, '21L', 0, '');
INSERT INTO `galardonados`.`Galardonado` (`RFC`, `Nombre`, `Paterno`, `Materno`, `Email`, `Unidad_Academica`, `Galardon`, `Asiento`, `Asistencia`, `Observaciones`) VALUES ('TOOG450118', 'José Guadalupe', 'Torres', ' y Ortega', 'yirz.carrillo@gmail.com', 31, 2, '22L', 0, '');
INSERT INTO `galardonados`.`Galardonado` (`RFC`, `Nombre`, `Paterno`, `Materno`, `Email`, `Unidad_Academica`, `Galardon`, `Asiento`, `Asistencia`, `Observaciones`) VALUES ('CADR791106', 'Rafael', 'Castañeda', 'Díaz', 'kpto_21@hotmail.com', 43, 3, '23L', 0, '');
INSERT INTO `galardonados`.`Galardonado` (`RFC`, `Nombre`, `Paterno`, `Materno`, `Email`, `Unidad_Academica`, `Galardon`, `Asiento`, `Asistencia`, `Observaciones`) VALUES ('BASR381220', 'José Roberto de Jesús', 'Bastarrachea', 'Sabido', 'kpto_21@hotmail.com', 40, 3, '24L', 0, '');
INSERT INTO `galardonados`.`Galardonado` (`RFC`, `Nombre`, `Paterno`, `Materno`, `Email`, `Unidad_Academica`, `Galardon`, `Asiento`, `Asistencia`, `Observaciones`) VALUES ('GOHL460918', 'Luis Arturo', 'González', 'Hernández', 'kpto_21@hotmail.com', 56, 3, '25L', 0, '');
INSERT INTO `galardonados`.`Galardonado` (`RFC`, `Nombre`, `Paterno`, `Materno`, `Email`, `Unidad_Academica`, `Galardon`, `Asiento`, `Asistencia`, `Observaciones`) VALUES ('JAVD540613', 'David', 'Jaramillo', 'Vigueras', 'kpto_21@hotmail.com', 50, 3, '1M', 0, '');
INSERT INTO `galardonados`.`Galardonado` (`RFC`, `Nombre`, `Paterno`, `Materno`, `Email`, `Unidad_Academica`, `Galardon`, `Asiento`, `Asistencia`, `Observaciones`) VALUES ('PETS750209', 'Sonia Mayra', 'Pérez', 'Tapia', 'oledoenriquez@gmail.com', 22, 4, '2M', 0, '');
INSERT INTO `galardonados`.`Galardonado` (`RFC`, `Nombre`, `Paterno`, `Materno`, `Email`, `Unidad_Academica`, `Galardon`, `Asiento`, `Asistencia`, `Observaciones`) VALUES ('RABP720605', 'Papik Alfredo', 'Ramírez', 'Bernal', 'juaco-1997@hotmail.es', 68, 5, '3M', 0, '');
INSERT INTO `galardonados`.`Galardonado` (`RFC`, `Nombre`, `Paterno`, `Materno`, `Email`, `Unidad_Academica`, `Galardon`, `Asiento`, `Asistencia`, `Observaciones`) VALUES ('MEER810505', 'Ricardo', 'Medel', 'Esquivel', 'juaco-1997@hotmail.es', 53, 5, '4M', 0, '');
INSERT INTO `galardonados`.`Galardonado` (`RFC`, `Nombre`, `Paterno`, `Materno`, `Email`, `Unidad_Academica`, `Galardon`, `Asiento`, `Asistencia`, `Observaciones`) VALUES ('SISD970602', 'Dante Mir', 'Schmitter', 'Sánchez', 'yirz.carrillo@gmail.com', 22, 6, '5M', 0, '');
INSERT INTO `galardonados`.`Galardonado` (`RFC`, `Nombre`, `Paterno`, `Materno`, `Email`, `Unidad_Academica`, `Galardon`, `Asiento`, `Asistencia`, `Observaciones`) VALUES ('GAPC680404', 'Claudia', 'Garces', 'Peñaloza', 'oledoenriquez@gmail.com', 1, 7, '6M', 0, '');
INSERT INTO `galardonados`.`Galardonado` (`RFC`, `Nombre`, `Paterno`, `Materno`, `Email`, `Unidad_Academica`, `Galardon`, `Asiento`, `Asistencia`, `Observaciones`) VALUES ('CUBB650629', 'Blanca Estela', 'Cuevas', 'Bribiesca', 'kpto_21@hotmail.com', 1, 7, '7M', 0, '');
INSERT INTO `galardonados`.`Galardonado` (`RFC`, `Nombre`, `Paterno`, `Materno`, `Email`, `Unidad_Academica`, `Galardon`, `Asiento`, `Asistencia`, `Observaciones`) VALUES ('PELC600109', 'Cecilia Yolanda', 'Pérez', 'López', 'kpto_21@hotmail.com', 1, 7, '8M', 0, '');
INSERT INTO `galardonados`.`Galardonado` (`RFC`, `Nombre`, `Paterno`, `Materno`, `Email`, `Unidad_Academica`, `Galardon`, `Asiento`, `Asistencia`, `Observaciones`) VALUES ('MARL600702', 'Luis Manuel', 'Martínez', 'Reyes', 'kpto_21@hotmail.com', 1, 7, '9M', 0, '');
INSERT INTO `galardonados`.`Galardonado` (`RFC`, `Nombre`, `Paterno`, `Materno`, `Email`, `Unidad_Academica`, `Galardon`, `Asiento`, `Asistencia`, `Observaciones`) VALUES ('CAGE550405', 'Emilio', 'Calixto', 'González', 'kpto_21@hotmail.com', 1, 7, '10M', 0, '');
INSERT INTO `galardonados`.`Galardonado` (`RFC`, `Nombre`, `Paterno`, `Materno`, `Email`, `Unidad_Academica`, `Galardon`, `Asiento`, `Asistencia`, `Observaciones`) VALUES ('GAGA651215', 'Arturo', 'García', 'González', 'kpto_21@hotmail.com', 1, 7, '11M', 0, '');
INSERT INTO `galardonados`.`Galardonado` (`RFC`, `Nombre`, `Paterno`, `Materno`, `Email`, `Unidad_Academica`, `Galardon`, `Asiento`, `Asistencia`, `Observaciones`) VALUES ('SAPL540211', 'Leobardo', 'Sánchez', 'Pimentel', 'kpto_21@hotmail.com', 1, 7, '12M', 0, '');
INSERT INTO `galardonados`.`Galardonado` (`RFC`, `Nombre`, `Paterno`, `Materno`, `Email`, `Unidad_Academica`, `Galardon`, `Asiento`, `Asistencia`, `Observaciones`) VALUES ('MAFE621217', 'Everardo Elías', 'Martinez', 'Flores', 'kpto_21@hotmail.com', 2, 7, '13M', 0, '');
INSERT INTO `galardonados`.`Galardonado` (`RFC`, `Nombre`, `Paterno`, `Materno`, `Email`, `Unidad_Academica`, `Galardon`, `Asiento`, `Asistencia`, `Observaciones`) VALUES ('HEGP610330', 'Pedro Roberto', 'Hernández', 'García', 'kpto_21@hotmail.com', 2, 7, '14M', 0, '');
INSERT INTO `galardonados`.`Galardonado` (`RFC`, `Nombre`, `Paterno`, `Materno`, `Email`, `Unidad_Academica`, `Galardon`, `Asiento`, `Asistencia`, `Observaciones`) VALUES ('MORC551103', 'Carlos Fernando', 'Montes de Oca', 'Rasgado', 'kpto_21@hotmail.com', 2, 7, '15M', 0, '');
INSERT INTO `galardonados`.`Galardonado` (`RFC`, `Nombre`, `Paterno`, `Materno`, `Email`, `Unidad_Academica`, `Galardon`, `Asiento`, `Asistencia`, `Observaciones`) VALUES ('POAE661230', 'Enrique', 'Portillo', 'Arenas', 'kpto_21@hotmail.com', 2, 7, '16M', 0, '');
INSERT INTO `galardonados`.`Galardonado` (`RFC`, `Nombre`, `Paterno`, `Materno`, `Email`, `Unidad_Academica`, `Galardon`, `Asiento`, `Asistencia`, `Observaciones`) VALUES ('ROGA651102', 'Alfredo', 'Rodríguez', 'Gómez', 'kpto_21@hotmail.com', 2, 7, '17M', 0, '');
INSERT INTO `galardonados`.`Galardonado` (`RFC`, `Nombre`, `Paterno`, `Materno`, `Email`, `Unidad_Academica`, `Galardon`, `Asiento`, `Asistencia`, `Observaciones`) VALUES ('SALJ650711', 'Jorge', 'Sánchez', 'Leal', 'kpto_21@hotmail.com', 3, 7, '18M', 0, '');
INSERT INTO `galardonados`.`Galardonado` (`RFC`, `Nombre`, `Paterno`, `Materno`, `Email`, `Unidad_Academica`, `Galardon`, `Asiento`, `Asistencia`, `Observaciones`) VALUES ('SABN621118', 'Norma Ángelica', 'Sánchez', 'Barragán', 'kpto_21@hotmail.com', 3, 7, '19M', 0, '');
INSERT INTO `galardonados`.`Galardonado` (`RFC`, `Nombre`, `Paterno`, `Materno`, `Email`, `Unidad_Academica`, `Galardon`, `Asiento`, `Asistencia`, `Observaciones`) VALUES ('GABJ630131', 'Juan Manuel', 'García', 'Barrios', 'kpto_21@hotmail.com', 3, 7, '20M', 0, '');
INSERT INTO `galardonados`.`Galardonado` (`RFC`, `Nombre`, `Paterno`, `Materno`, `Email`, `Unidad_Academica`, `Galardon`, `Asiento`, `Asistencia`, `Observaciones`) VALUES ('RORM630319', 'Miguel Ángel', 'Rodríguez', 'Ruíz', 'kpto_21@hotmail.com', 3, 7, '21M', 0, '');
INSERT INTO `galardonados`.`Galardonado` (`RFC`, `Nombre`, `Paterno`, `Materno`, `Email`, `Unidad_Academica`, `Galardon`, `Asiento`, `Asistencia`, `Observaciones`) VALUES ('MAAO560123', 'Olivia', 'MartÍnez', 'Abad', 'kpto_21@hotmail.com', 3, 7, '22M', 0, '');
INSERT INTO `galardonados`.`Galardonado` (`RFC`, `Nombre`, `Paterno`, `Materno`, `Email`, `Unidad_Academica`, `Galardon`, `Asiento`, `Asistencia`, `Observaciones`) VALUES ('ROOL570306', 'Laura Felicitas', 'Rodríguez', 'Ortega', 'kpto_21@hotmail.com', 3, 7, '23M', 0, '');
INSERT INTO `galardonados`.`Galardonado` (`RFC`, `Nombre`, `Paterno`, `Materno`, `Email`, `Unidad_Academica`, `Galardon`, `Asiento`, `Asistencia`, `Observaciones`) VALUES ('BAJO591030', 'Jorge ', 'Barrón', '', 'kpto_21@hotmail.com', 3, 7, '24M', 0, '');
INSERT INTO `galardonados`.`Galardonado` (`RFC`, `Nombre`, `Paterno`, `Materno`, `Email`, `Unidad_Academica`, `Galardon`, `Asiento`, `Asistencia`, `Observaciones`) VALUES ('SARE620826', 'Enrique', 'Salinas', 'Rodríguez', 'kpto_21@hotmail.com', 3, 7, '25M', 0, '');
INSERT INTO `galardonados`.`Galardonado` (`RFC`, `Nombre`, `Paterno`, `Materno`, `Email`, `Unidad_Academica`, `Galardon`, `Asiento`, `Asistencia`, `Observaciones`) VALUES ('VIRC600318', 'Carmelo', 'Villanueva', 'Ruíz', 'kpto_21@hotmail.com', 3, 7, '1N', 0, '');
INSERT INTO `galardonados`.`Galardonado` (`RFC`, `Nombre`, `Paterno`, `Materno`, `Email`, `Unidad_Academica`, `Galardon`, `Asiento`, `Asistencia`, `Observaciones`) VALUES ('SIBM600702', 'Mario', 'Silva', 'Barrera', 'kpto_21@hotmail.com', 4, 7, '2N', 0, '');
INSERT INTO `galardonados`.`Galardonado` (`RFC`, `Nombre`, `Paterno`, `Materno`, `Email`, `Unidad_Academica`, `Galardon`, `Asiento`, `Asistencia`, `Observaciones`) VALUES ('SADC571215', 'Carolina Margarita', 'Sánchez', 'Díaz', 'kpto_21@hotmail.com', 4, 7, '3N', 0, '');
INSERT INTO `galardonados`.`Galardonado` (`RFC`, `Nombre`, `Paterno`, `Materno`, `Email`, `Unidad_Academica`, `Galardon`, `Asiento`, `Asistencia`, `Observaciones`) VALUES ('GOCA520427', 'Ma. Anastasia Mónica', 'Gordiano', 'Cervantes', 'kpto_21@hotmail.com', 4, 7, '4N', 0, '');
INSERT INTO `galardonados`.`Galardonado` (`RFC`, `Nombre`, `Paterno`, `Materno`, `Email`, `Unidad_Academica`, `Galardon`, `Asiento`, `Asistencia`, `Observaciones`) VALUES ('CEQI610121', 'María Ines', 'Centeno', 'Quintanar', 'kpto_21@hotmail.com', 4, 7, '5N', 0, '');
INSERT INTO `galardonados`.`Galardonado` (`RFC`, `Nombre`, `Paterno`, `Materno`, `Email`, `Unidad_Academica`, `Galardon`, `Asiento`, `Asistencia`, `Observaciones`) VALUES ('JICJ500418', 'Jorge', 'Jiménez', 'Cervantes', 'kpto_21@hotmail.com', 4, 7, '6N', 0, '');
INSERT INTO `galardonados`.`Galardonado` (`RFC`, `Nombre`, `Paterno`, `Materno`, `Email`, `Unidad_Academica`, `Galardon`, `Asiento`, `Asistencia`, `Observaciones`) VALUES ('ROCR620603', 'Rubén', 'Rosas', 'Casados', 'kpto_21@hotmail.com', 5, 7, '7N', 0, '');
INSERT INTO `galardonados`.`Galardonado` (`RFC`, `Nombre`, `Paterno`, `Materno`, `Email`, `Unidad_Academica`, `Galardon`, `Asiento`, `Asistencia`, `Observaciones`) VALUES ('GOMV580325', 'Vicente Hugo', 'González', 'Majul', 'kpto_21@hotmail.com', 5, 7, '8N', 0, '');
INSERT INTO `galardonados`.`Galardonado` (`RFC`, `Nombre`, `Paterno`, `Materno`, `Email`, `Unidad_Academica`, `Galardon`, `Asiento`, `Asistencia`, `Observaciones`) VALUES ('EIGL470116', 'Lucas', 'Encinas', 'García ', 'kpto_21@hotmail.com', 6, 7, '9N', 0, '');
INSERT INTO `galardonados`.`Galardonado` (`RFC`, `Nombre`, `Paterno`, `Materno`, `Email`, `Unidad_Academica`, `Galardon`, `Asiento`, `Asistencia`, `Observaciones`) VALUES ('GAHE570925', 'Engracia Mireya', 'García', 'Hernández', 'kpto_21@hotmail.com', 6, 7, '10N', 0, '');
INSERT INTO `galardonados`.`Galardonado` (`RFC`, `Nombre`, `Paterno`, `Materno`, `Email`, `Unidad_Academica`, `Galardon`, `Asiento`, `Asistencia`, `Observaciones`) VALUES ('LIFM570506', 'Magdalena', 'Licona', 'Flores', 'kpto_21@hotmail.com', 6, 7, '11N', 0, '');
INSERT INTO `galardonados`.`Galardonado` (`RFC`, `Nombre`, `Paterno`, `Materno`, `Email`, `Unidad_Academica`, `Galardon`, `Asiento`, `Asistencia`, `Observaciones`) VALUES ('CAAA660515', 'Aida Areli', 'Castro', 'Aguirre', 'kpto_21@hotmail.com', 6, 7, '12N', 0, '');
INSERT INTO `galardonados`.`Galardonado` (`RFC`, `Nombre`, `Paterno`, `Materno`, `Email`, `Unidad_Academica`, `Galardon`, `Asiento`, `Asistencia`, `Observaciones`) VALUES ('RASF610711', 'Fernando', 'Ramírez', 'Saavedra', 'kpto_21@hotmail.com', 7, 7, '13N', 0, '');
INSERT INTO `galardonados`.`Galardonado` (`RFC`, `Nombre`, `Paterno`, `Materno`, `Email`, `Unidad_Academica`, `Galardon`, `Asiento`, `Asistencia`, `Observaciones`) VALUES ('SALU600601', 'María de la Luz', 'Santillán', '', 'kpto_21@hotmail.com', 7, 7, '14N', 0, '');
INSERT INTO `galardonados`.`Galardonado` (`RFC`, `Nombre`, `Paterno`, `Materno`, `Email`, `Unidad_Academica`, `Galardon`, `Asiento`, `Asistencia`, `Observaciones`) VALUES ('TAVL610516', 'José Luis', 'Tagle', 'Vargas', 'kpto_21@hotmail.com', 7, 7, '15N', 0, '');
INSERT INTO `galardonados`.`Galardonado` (`RFC`, `Nombre`, `Paterno`, `Materno`, `Email`, `Unidad_Academica`, `Galardon`, `Asiento`, `Asistencia`, `Observaciones`) VALUES ('GAHF630822', 'Filiberto', 'García', 'Hernández', 'kpto_21@hotmail.com', 8, 7, '16N', 0, '');
INSERT INTO `galardonados`.`Galardonado` (`RFC`, `Nombre`, `Paterno`, `Materno`, `Email`, `Unidad_Academica`, `Galardon`, `Asiento`, `Asistencia`, `Observaciones`) VALUES ('HUGF680607', 'José Francisco', 'Huerta', 'Gutiérrez', 'kpto_21@hotmail.com', 8, 7, '17N', 0, '');
INSERT INTO `galardonados`.`Galardonado` (`RFC`, `Nombre`, `Paterno`, `Materno`, `Email`, `Unidad_Academica`, `Galardon`, `Asiento`, `Asistencia`, `Observaciones`) VALUES ('PAOA571102', 'Ángel Francisco', 'Paz', 'Orzuna', 'kpto_21@hotmail.com', 8, 7, '18N', 0, '');
INSERT INTO `galardonados`.`Galardonado` (`RFC`, `Nombre`, `Paterno`, `Materno`, `Email`, `Unidad_Academica`, `Galardon`, `Asiento`, `Asistencia`, `Observaciones`) VALUES ('RIHF580501', 'Felipe', 'Rivera', 'Hernández', 'kpto_21@hotmail.com', 8, 7, '19N', 0, '');
INSERT INTO `galardonados`.`Galardonado` (`RFC`, `Nombre`, `Paterno`, `Materno`, `Email`, `Unidad_Academica`, `Galardon`, `Asiento`, `Asistencia`, `Observaciones`) VALUES ('AAMJ470215', 'Juan', 'Álvarez', 'Mendoza', 'kpto_21@hotmail.com', 8, 7, '20N', 0, '');
INSERT INTO `galardonados`.`Galardonado` (`RFC`, `Nombre`, `Paterno`, `Materno`, `Email`, `Unidad_Academica`, `Galardon`, `Asiento`, `Asistencia`, `Observaciones`) VALUES ('OUGU580124', 'Ubaldo', 'Olguín', 'García', 'kpto_21@hotmail.com', 9, 7, '21N', 0, '');
INSERT INTO `galardonados`.`Galardonado` (`RFC`, `Nombre`, `Paterno`, `Materno`, `Email`, `Unidad_Academica`, `Galardon`, `Asiento`, `Asistencia`, `Observaciones`) VALUES ('VARB570219', 'Bersain', 'Vázquez', 'Rincón', 'kpto_21@hotmail.com', 9, 7, '22N', 0, '');
INSERT INTO `galardonados`.`Galardonado` (`RFC`, `Nombre`, `Paterno`, `Materno`, `Email`, `Unidad_Academica`, `Galardon`, `Asiento`, `Asistencia`, `Observaciones`) VALUES ('CAGG640505', 'Guillermo', 'Carrasco', 'García', 'kpto_21@hotmail.com', 9, 7, '23N', 0, '');
INSERT INTO `galardonados`.`Galardonado` (`RFC`, `Nombre`, `Paterno`, `Materno`, `Email`, `Unidad_Academica`, `Galardon`, `Asiento`, `Asistencia`, `Observaciones`) VALUES ('AASA570727', 'Alfonso Javier', 'Álvarez', 'Sierra', 'kpto_21@hotmail.com', 10, 7, '24N', 0, '');
INSERT INTO `galardonados`.`Galardonado` (`RFC`, `Nombre`, `Paterno`, `Materno`, `Email`, `Unidad_Academica`, `Galardon`, `Asiento`, `Asistencia`, `Observaciones`) VALUES ('HEGJ590310', 'Juana', 'Hernández', 'Gutiérrez', 'kpto_21@hotmail.com', 10, 7, '25N', 0, '');
INSERT INTO `galardonados`.`Galardonado` (`RFC`, `Nombre`, `Paterno`, `Materno`, `Email`, `Unidad_Academica`, `Galardon`, `Asiento`, `Asistencia`, `Observaciones`) VALUES ('BIMR670106', 'Rocío', 'Bizarro', 'Moreno', 'kpto_21@hotmail.com', 10, 7, '1O', 0, '');
INSERT INTO `galardonados`.`Galardonado` (`RFC`, `Nombre`, `Paterno`, `Materno`, `Email`, `Unidad_Academica`, `Galardon`, `Asiento`, `Asistencia`, `Observaciones`) VALUES ('AORG480916', 'María Guadalupe', 'Alonso', 'Ríos', 'kpto_21@hotmail.com', 11, 7, '2O', 0, '');
INSERT INTO `galardonados`.`Galardonado` (`RFC`, `Nombre`, `Paterno`, `Materno`, `Email`, `Unidad_Academica`, `Galardon`, `Asiento`, `Asistencia`, `Observaciones`) VALUES ('TEMA670502', 'Alberto', 'Trejo', 'Moreno', 'kpto_21@hotmail.com', 11, 7, '3O', 0, '');
INSERT INTO `galardonados`.`Galardonado` (`RFC`, `Nombre`, `Paterno`, `Materno`, `Email`, `Unidad_Academica`, `Galardon`, `Asiento`, `Asistencia`, `Observaciones`) VALUES ('SAGG641221', 'Germán Adalberto', 'Sandoval', 'Gonzalez', 'kpto_21@hotmail.com', 11, 7, '4O', 0, '');
INSERT INTO `galardonados`.`Galardonado` (`RFC`, `Nombre`, `Paterno`, `Materno`, `Email`, `Unidad_Academica`, `Galardon`, `Asiento`, `Asistencia`, `Observaciones`) VALUES ('SAMG560528', 'Gloria', 'Salgado', 'Morgan', 'kpto_21@hotmail.com', 11, 7, '5O', 0, '');
INSERT INTO `galardonados`.`Galardonado` (`RFC`, `Nombre`, `Paterno`, `Materno`, `Email`, `Unidad_Academica`, `Galardon`, `Asiento`, `Asistencia`, `Observaciones`) VALUES ('CECD550401', 'María Dolores', 'Cervantes', 'Cadena', 'kpto_21@hotmail.com', 12, 7, '6O', 0, '');
INSERT INTO `galardonados`.`Galardonado` (`RFC`, `Nombre`, `Paterno`, `Materno`, `Email`, `Unidad_Academica`, `Galardon`, `Asiento`, `Asistencia`, `Observaciones`) VALUES ('CIDP680624', 'Patricia Ramona', 'Cisneros', 'Díaz', 'kpto_21@hotmail.com', 13, 7, '7O', 0, '');
INSERT INTO `galardonados`.`Galardonado` (`RFC`, `Nombre`, `Paterno`, `Materno`, `Email`, `Unidad_Academica`, `Galardon`, `Asiento`, `Asistencia`, `Observaciones`) VALUES ('SOGE650823', 'Eleazar', 'Sosa', 'González', 'kpto_21@hotmail.com', 13, 7, '8O', 0, '');
INSERT INTO `galardonados`.`Galardonado` (`RFC`, `Nombre`, `Paterno`, `Materno`, `Email`, `Unidad_Academica`, `Galardon`, `Asiento`, `Asistencia`, `Observaciones`) VALUES ('BACM520429', 'Mario Alberto', 'Ballesteros', 'Curiel', 'kpto_21@hotmail.com', 13, 7, '9O', 0, '');
INSERT INTO `galardonados`.`Galardonado` (`RFC`, `Nombre`, `Paterno`, `Materno`, `Email`, `Unidad_Academica`, `Galardon`, `Asiento`, `Asistencia`, `Observaciones`) VALUES ('CAFA661128', 'Angelina', 'Cadena', 'Flores', 'kpto_21@hotmail.com', 13, 7, '10O', 0, '');
INSERT INTO `galardonados`.`Galardonado` (`RFC`, `Nombre`, `Paterno`, `Materno`, `Email`, `Unidad_Academica`, `Galardon`, `Asiento`, `Asistencia`, `Observaciones`) VALUES ('CAJG620516', 'María Guadalupe', 'Castelán', 'Jiménez', 'kpto_21@hotmail.com', 13, 7, '11O', 0, '');
INSERT INTO `galardonados`.`Galardonado` (`RFC`, `Nombre`, `Paterno`, `Materno`, `Email`, `Unidad_Academica`, `Galardon`, `Asiento`, `Asistencia`, `Observaciones`) VALUES ('EEGG660911', 'Graciela', 'Erreguín', 'González', 'kpto_21@hotmail.com', 14, 7, '12O', 0, '');
INSERT INTO `galardonados`.`Galardonado` (`RFC`, `Nombre`, `Paterno`, `Materno`, `Email`, `Unidad_Academica`, `Galardon`, `Asiento`, `Asistencia`, `Observaciones`) VALUES ('PELE580813', 'María Elena', 'Pérez', 'Lucio', 'kpto_21@hotmail.com', 14, 7, '13O', 0, '');
INSERT INTO `galardonados`.`Galardonado` (`RFC`, `Nombre`, `Paterno`, `Materno`, `Email`, `Unidad_Academica`, `Galardon`, `Asiento`, `Asistencia`, `Observaciones`) VALUES ('CAJC700425', 'Celia', 'Carrasco', 'Jiménez ', 'kpto_21@hotmail.com', 14, 7, '14O', 0, '');
INSERT INTO `galardonados`.`Galardonado` (`RFC`, `Nombre`, `Paterno`, `Materno`, `Email`, `Unidad_Academica`, `Galardon`, `Asiento`, `Asistencia`, `Observaciones`) VALUES ('AAER600805', 'Rosa Martha', 'Alcántara', 'Escamilla', 'kpto_21@hotmail.com', 14, 7, '15O', 0, '');
INSERT INTO `galardonados`.`Galardonado` (`RFC`, `Nombre`, `Paterno`, `Materno`, `Email`, `Unidad_Academica`, `Galardon`, `Asiento`, `Asistencia`, `Observaciones`) VALUES ('MAPM660426', 'Miriam', 'Martínez', 'Pradel', 'kpto_21@hotmail.com', 15, 7, '16O', 0, '');
INSERT INTO `galardonados`.`Galardonado` (`RFC`, `Nombre`, `Paterno`, `Materno`, `Email`, `Unidad_Academica`, `Galardon`, `Asiento`, `Asistencia`, `Observaciones`) VALUES ('AUAJ590101', 'julio', 'Aquino', 'Aquino', 'kpto_21@hotmail.com', 15, 7, '17O', 0, '');
INSERT INTO `galardonados`.`Galardonado` (`RFC`, `Nombre`, `Paterno`, `Materno`, `Email`, `Unidad_Academica`, `Galardon`, `Asiento`, `Asistencia`, `Observaciones`) VALUES ('VISH570106', 'Héctor', 'Villanueva', 'Silva', 'kpto_21@hotmail.com', 15, 7, '18O', 0, '');
INSERT INTO `galardonados`.`Galardonado` (`RFC`, `Nombre`, `Paterno`, `Materno`, `Email`, `Unidad_Academica`, `Galardon`, `Asiento`, `Asistencia`, `Observaciones`) VALUES ('SALL490808', 'Luis Emilio', 'Sánchez', 'Licéaga', 'kpto_21@hotmail.com', 15, 7, '19O', 0, '');
INSERT INTO `galardonados`.`Galardonado` (`RFC`, `Nombre`, `Paterno`, `Materno`, `Email`, `Unidad_Academica`, `Galardon`, `Asiento`, `Asistencia`, `Observaciones`) VALUES ('EEBA650625', 'Alma Araceli', 'Erceg', 'Bravo', 'kpto_21@hotmail.com', 20, 7, '20O', 0, '');
INSERT INTO `galardonados`.`Galardonado` (`RFC`, `Nombre`, `Paterno`, `Materno`, `Email`, `Unidad_Academica`, `Galardon`, `Asiento`, `Asistencia`, `Observaciones`) VALUES ('BERJ620714', 'Judith', 'Betancourt', 'Ruiz', 'kpto_21@hotmail.com', 20, 7, '21O', 0, '');
INSERT INTO `galardonados`.`Galardonado` (`RFC`, `Nombre`, `Paterno`, `Materno`, `Email`, `Unidad_Academica`, `Galardon`, `Asiento`, `Asistencia`, `Observaciones`) VALUES ('COPJ590902', 'Julian', 'Cordero', 'Pérez', 'kpto_21@hotmail.com', 20, 7, '22O', 0, '');
INSERT INTO `galardonados`.`Galardonado` (`RFC`, `Nombre`, `Paterno`, `Materno`, `Email`, `Unidad_Academica`, `Galardon`, `Asiento`, `Asistencia`, `Observaciones`) VALUES ('GORA611230', 'Abel', 'Gonzalez', 'Reyes', 'kpto_21@hotmail.com', 20, 7, '23O', 0, '');
INSERT INTO `galardonados`.`Galardonado` (`RFC`, `Nombre`, `Paterno`, `Materno`, `Email`, `Unidad_Academica`, `Galardon`, `Asiento`, `Asistencia`, `Observaciones`) VALUES ('CACG660118', 'Gema', 'Cancino', 'Calderón', 'kpto_21@hotmail.com', 30, 7, '24O', 0, '');
INSERT INTO `galardonados`.`Galardonado` (`RFC`, `Nombre`, `Paterno`, `Materno`, `Email`, `Unidad_Academica`, `Galardon`, `Asiento`, `Asistencia`, `Observaciones`) VALUES ('ZEGV620728', 'Victor', 'Zepeda', 'González', 'kpto_21@hotmail.com', 30, 7, '25O', 0, '');
INSERT INTO `galardonados`.`Galardonado` (`RFC`, `Nombre`, `Paterno`, `Materno`, `Email`, `Unidad_Academica`, `Galardon`, `Asiento`, `Asistencia`, `Observaciones`) VALUES ('CAOM641215', 'Miroslava', 'Castelán', 'Olguín', 'kpto_21@hotmail.com', 30, 7, '1P', 0, '');
INSERT INTO `galardonados`.`Galardonado` (`RFC`, `Nombre`, `Paterno`, `Materno`, `Email`, `Unidad_Academica`, `Galardon`, `Asiento`, `Asistencia`, `Observaciones`) VALUES ('ZUCM690919', 'Mayra Elizabeth', 'Zuñiga', 'Coss', 'kpto_21@hotmail.com', 30, 7, '2P', 0, '');
INSERT INTO `galardonados`.`Galardonado` (`RFC`, `Nombre`, `Paterno`, `Materno`, `Email`, `Unidad_Academica`, `Galardon`, `Asiento`, `Asistencia`, `Observaciones`) VALUES ('VIHA670801', 'Alejandro Isauro', 'Villagrán', 'Hernández', 'kpto_21@hotmail.com', 30, 7, '3P', 0, '');
INSERT INTO `galardonados`.`Galardonado` (`RFC`, `Nombre`, `Paterno`, `Materno`, `Email`, `Unidad_Academica`, `Galardon`, `Asiento`, `Asistencia`, `Observaciones`) VALUES ('OIVG660721', 'Guillermina Isabel', 'Oliva', 'Vallejo', 'kpto_21@hotmail.com', 30, 7, '4P', 0, '');
INSERT INTO `galardonados`.`Galardonado` (`RFC`, `Nombre`, `Paterno`, `Materno`, `Email`, `Unidad_Academica`, `Galardon`, `Asiento`, `Asistencia`, `Observaciones`) VALUES ('SAPM670320', 'María Magdalena', 'Salazar', 'Páramo', 'kpto_21@hotmail.com', 30, 7, '5P', 0, '');
INSERT INTO `galardonados`.`Galardonado` (`RFC`, `Nombre`, `Paterno`, `Materno`, `Email`, `Unidad_Academica`, `Galardon`, `Asiento`, `Asistencia`, `Observaciones`) VALUES ('GAAJ580420', 'Jorge', 'García', 'Ángeles', 'kpto_21@hotmail.com', 30, 7, '6P', 0, '');
INSERT INTO `galardonados`.`Galardonado` (`RFC`, `Nombre`, `Paterno`, `Materno`, `Email`, `Unidad_Academica`, `Galardon`, `Asiento`, `Asistencia`, `Observaciones`) VALUES ('BESH660721', 'Maria Haydee', 'Bernal', 'Sanchez', 'kpto_21@hotmail.com', 30, 7, '7P', 0, '');
INSERT INTO `galardonados`.`Galardonado` (`RFC`, `Nombre`, `Paterno`, `Materno`, `Email`, `Unidad_Academica`, `Galardon`, `Asiento`, `Asistencia`, `Observaciones`) VALUES ('SARM610123', 'Mauricio Darío', 'Sánchez', 'Ramos', 'kpto_21@hotmail.com', 30, 7, '8P', 0, '');
INSERT INTO `galardonados`.`Galardonado` (`RFC`, `Nombre`, `Paterno`, `Materno`, `Email`, `Unidad_Academica`, `Galardon`, `Asiento`, `Asistencia`, `Observaciones`) VALUES ('MAMS570302', 'María Susana', 'Martínez', 'Morales', 'kpto_21@hotmail.com', 30, 7, '9P', 0, '');
INSERT INTO `galardonados`.`Galardonado` (`RFC`, `Nombre`, `Paterno`, `Materno`, `Email`, `Unidad_Academica`, `Galardon`, `Asiento`, `Asistencia`, `Observaciones`) VALUES ('SOAE590718', 'Ezequiel', 'Solis', 'Araujo', 'kpto_21@hotmail.com', 30, 7, '10P', 0, '');
INSERT INTO `galardonados`.`Galardonado` (`RFC`, `Nombre`, `Paterno`, `Materno`, `Email`, `Unidad_Academica`, `Galardon`, `Asiento`, `Asistencia`, `Observaciones`) VALUES ('HEGL560415', 'Luis Héctor', 'Hernández', 'Gómez', 'kpto_21@hotmail.com', 30, 7, '11P', 0, '');
INSERT INTO `galardonados`.`Galardonado` (`RFC`, `Nombre`, `Paterno`, `Materno`, `Email`, `Unidad_Academica`, `Galardon`, `Asiento`, `Asistencia`, `Observaciones`) VALUES ('MEGS581117', 'Salvador Ricardo', 'Meneses', 'González', 'kpto_21@hotmail.com', 30, 7, '12P', 0, '');
INSERT INTO `galardonados`.`Galardonado` (`RFC`, `Nombre`, `Paterno`, `Materno`, `Email`, `Unidad_Academica`, `Galardon`, `Asiento`, `Asistencia`, `Observaciones`) VALUES ('CURE671008', 'María Eugenia', 'Cruz', 'Reyes', 'kpto_21@hotmail.com', 32, 7, '13P', 0, '');
INSERT INTO `galardonados`.`Galardonado` (`RFC`, `Nombre`, `Paterno`, `Materno`, `Email`, `Unidad_Academica`, `Galardon`, `Asiento`, `Asistencia`, `Observaciones`) VALUES ('ROAB630611', 'Bernabe', 'Rodríguez', 'Almanza', 'kpto_21@hotmail.com', 32, 7, '14P', 0, '');
INSERT INTO `galardonados`.`Galardonado` (`RFC`, `Nombre`, `Paterno`, `Materno`, `Email`, `Unidad_Academica`, `Galardon`, `Asiento`, `Asistencia`, `Observaciones`) VALUES ('SAOA620508', 'Álvaro', 'Sánchez', 'Osuna', 'kpto_21@hotmail.com', 32, 7, '15P', 0, '');
INSERT INTO `galardonados`.`Galardonado` (`RFC`, `Nombre`, `Paterno`, `Materno`, `Email`, `Unidad_Academica`, `Galardon`, `Asiento`, `Asistencia`, `Observaciones`) VALUES ('PEOE560828', 'Eduardo', 'Pérez', 'Orta', 'kpto_21@hotmail.com', 32, 7, '16P', 0, '');
INSERT INTO `galardonados`.`Galardonado` (`RFC`, `Nombre`, `Paterno`, `Materno`, `Email`, `Unidad_Academica`, `Galardon`, `Asiento`, `Asistencia`, `Observaciones`) VALUES ('VIAL571012', 'José Luis', 'Villareal', 'Aguirre', 'kpto_21@hotmail.com', 32, 7, '17P', 0, '');
INSERT INTO `galardonados`.`Galardonado` (`RFC`, `Nombre`, `Paterno`, `Materno`, `Email`, `Unidad_Academica`, `Galardon`, `Asiento`, `Asistencia`, `Observaciones`) VALUES ('CEEV640206', 'Victor Manuel', 'Cedillo', 'Estrada', 'kpto_21@hotmail.com', 31, 7, '18P', 0, '');
INSERT INTO `galardonados`.`Galardonado` (`RFC`, `Nombre`, `Paterno`, `Materno`, `Email`, `Unidad_Academica`, `Galardon`, `Asiento`, `Asistencia`, `Observaciones`) VALUES ('CAOV650225', 'Virginia', 'Chávez', 'Orozco', 'kpto_21@hotmail.com', 31, 7, '19P', 0, '');
INSERT INTO `galardonados`.`Galardonado` (`RFC`, `Nombre`, `Paterno`, `Materno`, `Email`, `Unidad_Academica`, `Galardon`, `Asiento`, `Asistencia`, `Observaciones`) VALUES ('GAAA630612', 'Antonio', 'García', 'Aguilar', 'kpto_21@hotmail.com', 31, 7, '20P', 0, '');
INSERT INTO `galardonados`.`Galardonado` (`RFC`, `Nombre`, `Paterno`, `Materno`, `Email`, `Unidad_Academica`, `Galardon`, `Asiento`, `Asistencia`, `Observaciones`) VALUES ('AEMA610302', 'Agustín Humberto', 'Ángeles', 'Mejía', 'kpto_21@hotmail.com', 31, 7, '21P', 0, '');
INSERT INTO `galardonados`.`Galardonado` (`RFC`, `Nombre`, `Paterno`, `Materno`, `Email`, `Unidad_Academica`, `Galardon`, `Asiento`, `Asistencia`, `Observaciones`) VALUES ('CAOL521221', 'Luis ', 'Castillo', 'Olivares', 'kpto_21@hotmail.com', 31, 7, '22P', 0, '');
INSERT INTO `galardonados`.`Galardonado` (`RFC`, `Nombre`, `Paterno`, `Materno`, `Email`, `Unidad_Academica`, `Galardon`, `Asiento`, `Asistencia`, `Observaciones`) VALUES ('PEPM451130', 'Mauricio', 'Pedraza', 'Pérez', 'kpto_21@hotmail.com', 31, 7, '23P', 0, '');
INSERT INTO `galardonados`.`Galardonado` (`RFC`, `Nombre`, `Paterno`, `Materno`, `Email`, `Unidad_Academica`, `Galardon`, `Asiento`, `Asistencia`, `Observaciones`) VALUES ('TACT460218', 'José Trinidad', 'Tapia', 'Cisneros', 'kpto_21@hotmail.com', 31, 7, '24P', 0, '');
INSERT INTO `galardonados`.`Galardonado` (`RFC`, `Nombre`, `Paterno`, `Materno`, `Email`, `Unidad_Academica`, `Galardon`, `Asiento`, `Asistencia`, `Observaciones`) VALUES ('RAPM631028', 'Martín', 'Ramírez', 'Pérez', 'kpto_21@hotmail.com', 31, 7, '25P', 0, '');
INSERT INTO `galardonados`.`Galardonado` (`RFC`, `Nombre`, `Paterno`, `Materno`, `Email`, `Unidad_Academica`, `Galardon`, `Asiento`, `Asistencia`, `Observaciones`) VALUES ('GOLU570429', 'José Luis', 'González', '', 'kpto_21@hotmail.com', 31, 7, '1Q', 0, '');
INSERT INTO `galardonados`.`Galardonado` (`RFC`, `Nombre`, `Paterno`, `Materno`, `Email`, `Unidad_Academica`, `Galardon`, `Asiento`, `Asistencia`, `Observaciones`) VALUES ('PERJ440727', 'Jorge', 'Pérez', 'Rosas', 'kpto_21@hotmail.com', 31, 7, '2Q', 0, '');
INSERT INTO `galardonados`.`Galardonado` (`RFC`, `Nombre`, `Paterno`, `Materno`, `Email`, `Unidad_Academica`, `Galardon`, `Asiento`, `Asistencia`, `Observaciones`) VALUES ('BELA640913', 'Amada Gabriela', 'Brenes', 'López', 'kpto_21@hotmail.com', 33, 7, '3Q', 0, '');
INSERT INTO `galardonados`.`Galardonado` (`RFC`, `Nombre`, `Paterno`, `Materno`, `Email`, `Unidad_Academica`, `Galardon`, `Asiento`, `Asistencia`, `Observaciones`) VALUES ('BAFM531103', 'Mario Alfredo', 'Batta', 'Fonseca', 'kpto_21@hotmail.com', 33, 7, '4Q', 0, '');
INSERT INTO `galardonados`.`Galardonado` (`RFC`, `Nombre`, `Paterno`, `Materno`, `Email`, `Unidad_Academica`, `Galardon`, `Asiento`, `Asistencia`, `Observaciones`) VALUES ('GAMC530827', 'Cesárea Rosa María', 'Garduño', 'Mendieta', 'kpto_21@hotmail.com', 33, 7, '5Q', 0, '');
INSERT INTO `galardonados`.`Galardonado` (`RFC`, `Nombre`, `Paterno`, `Materno`, `Email`, `Unidad_Academica`, `Galardon`, `Asiento`, `Asistencia`, `Observaciones`) VALUES ('VEPS580519', 'Saúl', 'Vega', 'Pérez', 'kpto_21@hotmail.com', 33, 7, '6Q', 0, '');
INSERT INTO `galardonados`.`Galardonado` (`RFC`, `Nombre`, `Paterno`, `Materno`, `Email`, `Unidad_Academica`, `Galardon`, `Asiento`, `Asistencia`, `Observaciones`) VALUES ('MAOA620915', 'Ma. de los Ángeles', 'Martínez', 'Ortega', 'kpto_21@hotmail.com', 36, 7, '7Q', 0, '');
INSERT INTO `galardonados`.`Galardonado` (`RFC`, `Nombre`, `Paterno`, `Materno`, `Email`, `Unidad_Academica`, `Galardon`, `Asiento`, `Asistencia`, `Observaciones`) VALUES ('MACJ590327', 'Juan Raymundo', 'Mayorga', 'Cervantes', 'kpto_21@hotmail.com', 36, 7, '8Q', 0, '');
INSERT INTO `galardonados`.`Galardonado` (`RFC`, `Nombre`, `Paterno`, `Materno`, `Email`, `Unidad_Academica`, `Galardon`, `Asiento`, `Asistencia`, `Observaciones`) VALUES ('BALH681010', 'Homar Jorge', 'Bautista', 'Lugo', 'kpto_21@hotmail.com', 37, 7, '9Q', 0, '');
INSERT INTO `galardonados`.`Galardonado` (`RFC`, `Nombre`, `Paterno`, `Materno`, `Email`, `Unidad_Academica`, `Galardon`, `Asiento`, `Asistencia`, `Observaciones`) VALUES ('ROLL520413', 'José Luis', 'Rosas', 'López', 'kpto_21@hotmail.com', 37, 7, '10Q', 0, '');
INSERT INTO `galardonados`.`Galardonado` (`RFC`, `Nombre`, `Paterno`, `Materno`, `Email`, `Unidad_Academica`, `Galardon`, `Asiento`, `Asistencia`, `Observaciones`) VALUES ('MOGR571111', 'Rodrigo', 'Mondragón', 'Guzmán', 'kpto_21@hotmail.com', 37, 7, '11Q', 0, '');
INSERT INTO `galardonados`.`Galardonado` (`RFC`, `Nombre`, `Paterno`, `Materno`, `Email`, `Unidad_Academica`, `Galardon`, `Asiento`, `Asistencia`, `Observaciones`) VALUES ('MOAC701121', 'Claudia Adriana', 'Moreno', 'Arenas', 'kpto_21@hotmail.com', 38, 7, '12Q', 0, '');
INSERT INTO `galardonados`.`Galardonado` (`RFC`, `Nombre`, `Paterno`, `Materno`, `Email`, `Unidad_Academica`, `Galardon`, `Asiento`, `Asistencia`, `Observaciones`) VALUES ('AOTS630428', 'Sergio Cesar', 'Arroyo', 'Trejo', 'kpto_21@hotmail.com', 38, 7, '13Q', 0, '');
INSERT INTO `galardonados`.`Galardonado` (`RFC`, `Nombre`, `Paterno`, `Materno`, `Email`, `Unidad_Academica`, `Galardon`, `Asiento`, `Asistencia`, `Observaciones`) VALUES ('MAFV600123', 'Victor Manuel', 'Martínez', 'Fuentes', 'kpto_21@hotmail.com', 38, 7, '14Q', 0, '');
INSERT INTO `galardonados`.`Galardonado` (`RFC`, `Nombre`, `Paterno`, `Materno`, `Email`, `Unidad_Academica`, `Galardon`, `Asiento`, `Asistencia`, `Observaciones`) VALUES ('PEPJ550328', 'Juan Alejandro', 'Perales', 'Pastrana', 'kpto_21@hotmail.com', 38, 7, '15Q', 0, '');
INSERT INTO `galardonados`.`Galardonado` (`RFC`, `Nombre`, `Paterno`, `Materno`, `Email`, `Unidad_Academica`, `Galardon`, `Asiento`, `Asistencia`, `Observaciones`) VALUES ('RUZJ530430', 'Jaime Roberto', 'Ruíz', 'y Zurvia Flores', 'kpto_21@hotmail.com', 38, 7, '16Q', 0, '');
INSERT INTO `galardonados`.`Galardonado` (`RFC`, `Nombre`, `Paterno`, `Materno`, `Email`, `Unidad_Academica`, `Galardon`, `Asiento`, `Asistencia`, `Observaciones`) VALUES ('MAVH550316', 'Heriberto Efrén', 'Maldonado', 'Victoria', 'kpto_21@hotmail.com', 38, 7, '17Q', 0, '');
INSERT INTO `galardonados`.`Galardonado` (`RFC`, `Nombre`, `Paterno`, `Materno`, `Email`, `Unidad_Academica`, `Galardon`, `Asiento`, `Asistencia`, `Observaciones`) VALUES ('GACJ570530', 'Jorge', 'Gallegos', 'Contreras', 'kpto_21@hotmail.com', 38, 7, '18Q', 0, '');
INSERT INTO `galardonados`.`Galardonado` (`RFC`, `Nombre`, `Paterno`, `Materno`, `Email`, `Unidad_Academica`, `Galardon`, `Asiento`, `Asistencia`, `Observaciones`) VALUES ('IACA610703', 'Ana María', 'Islas', 'Cortes', 'kpto_21@hotmail.com', 35, 7, '19Q', 0, '');
INSERT INTO `galardonados`.`Galardonado` (`RFC`, `Nombre`, `Paterno`, `Materno`, `Email`, `Unidad_Academica`, `Galardon`, `Asiento`, `Asistencia`, `Observaciones`) VALUES ('CAGL570825', 'José Luis', 'Carvajal', 'Gómez', 'kpto_21@hotmail.com', 35, 7, '20Q', 0, '');
INSERT INTO `galardonados`.`Galardonado` (`RFC`, `Nombre`, `Paterno`, `Materno`, `Email`, `Unidad_Academica`, `Galardon`, `Asiento`, `Asistencia`, `Observaciones`) VALUES ('AAGG570404', 'Gonzalo Isidro', 'Alvarado', 'González', 'kpto_21@hotmail.com', 34, 7, '21Q', 0, '');
INSERT INTO `galardonados`.`Galardonado` (`RFC`, `Nombre`, `Paterno`, `Materno`, `Email`, `Unidad_Academica`, `Galardon`, `Asiento`, `Asistencia`, `Observaciones`) VALUES ('BEEJ580206', 'Jesús Gonzalo', 'Benítez', 'Escobar', 'kpto_21@hotmail.com', 34, 7, '22Q', 0, '');
INSERT INTO `galardonados`.`Galardonado` (`RFC`, `Nombre`, `Paterno`, `Materno`, `Email`, `Unidad_Academica`, `Galardon`, `Asiento`, `Asistencia`, `Observaciones`) VALUES ('JIPG660523', 'Guadalupe', 'Jiménez', 'Pérez', 'kpto_21@hotmail.com', 34, 7, '23Q', 0, '');
INSERT INTO `galardonados`.`Galardonado` (`RFC`, `Nombre`, `Paterno`, `Materno`, `Email`, `Unidad_Academica`, `Galardon`, `Asiento`, `Asistencia`, `Observaciones`) VALUES ('MAMR670830', 'Ramón Leonardo', 'Martínez', 'Montes', 'kpto_21@hotmail.com', 34, 7, '24Q', 0, '');
INSERT INTO `galardonados`.`Galardonado` (`RFC`, `Nombre`, `Paterno`, `Materno`, `Email`, `Unidad_Academica`, `Galardon`, `Asiento`, `Asistencia`, `Observaciones`) VALUES ('RURA600723', 'María Adoración', 'Ruíz', 'Ramírez', 'kpto_21@hotmail.com', 34, 7, '25Q', 0, '');
INSERT INTO `galardonados`.`Galardonado` (`RFC`, `Nombre`, `Paterno`, `Materno`, `Email`, `Unidad_Academica`, `Galardon`, `Asiento`, `Asistencia`, `Observaciones`) VALUES ('RAPF560820', 'Florencio Enrique', 'Ramírez', 'Pérez', 'kpto_21@hotmail.com', 34, 7, '1R', 0, '');
INSERT INTO `galardonados`.`Galardonado` (`RFC`, `Nombre`, `Paterno`, `Materno`, `Email`, `Unidad_Academica`, `Galardon`, `Asiento`, `Asistencia`, `Observaciones`) VALUES ('FOMS580218', 'Sergio', 'Flores', 'Meza', 'kpto_21@hotmail.com', 34, 7, '2R', 0, '');
INSERT INTO `galardonados`.`Galardonado` (`RFC`, `Nombre`, `Paterno`, `Materno`, `Email`, `Unidad_Academica`, `Galardon`, `Asiento`, `Asistencia`, `Observaciones`) VALUES ('NURA470505', 'María de los Ángeles', 'Núñez', 'Robles', 'kpto_21@hotmail.com', 34, 7, '3R', 0, '');
INSERT INTO `galardonados`.`Galardonado` (`RFC`, `Nombre`, `Paterno`, `Materno`, `Email`, `Unidad_Academica`, `Galardon`, `Asiento`, `Asistencia`, `Observaciones`) VALUES ('SOGE490329', 'Gerardo', 'Sosa', '', 'kpto_21@hotmail.com', 34, 7, '4R', 0, '');
INSERT INTO `galardonados`.`Galardonado` (`RFC`, `Nombre`, `Paterno`, `Materno`, `Email`, `Unidad_Academica`, `Galardon`, `Asiento`, `Asistencia`, `Observaciones`) VALUES ('VECG481101', 'Gustavo', 'Velázquez', 'Corichi', 'kpto_21@hotmail.com', 34, 7, '5R', 0, '');
INSERT INTO `galardonados`.`Galardonado` (`RFC`, `Nombre`, `Paterno`, `Materno`, `Email`, `Unidad_Academica`, `Galardon`, `Asiento`, `Asistencia`, `Observaciones`) VALUES ('HALM580923', 'José Manuel', 'Hallen', 'López', 'kpto_21@hotmail.com', 34, 7, '6R', 0, '');
INSERT INTO `galardonados`.`Galardonado` (`RFC`, `Nombre`, `Paterno`, `Materno`, `Email`, `Unidad_Academica`, `Galardon`, `Asiento`, `Asistencia`, `Observaciones`) VALUES ('QUVH590512', 'Hilda Jesús', 'Quezada', 'Villegas', 'kpto_21@hotmail.com', 29, 7, '7R', 0, '');
INSERT INTO `galardonados`.`Galardonado` (`RFC`, `Nombre`, `Paterno`, `Materno`, `Email`, `Unidad_Academica`, `Galardon`, `Asiento`, `Asistencia`, `Observaciones`) VALUES ('ZAMR680730', 'María del Rocío', 'Zamora', 'Mendoza', 'kpto_21@hotmail.com', 29, 7, '8R', 0, '');
INSERT INTO `galardonados`.`Galardonado` (`RFC`, `Nombre`, `Paterno`, `Materno`, `Email`, `Unidad_Academica`, `Galardon`, `Asiento`, `Asistencia`, `Observaciones`) VALUES ('JIMI631018', 'Ignacio', 'Jiménez', 'Martínez', 'kpto_21@hotmail.com', 29, 7, '9R', 0, '');
INSERT INTO `galardonados`.`Galardonado` (`RFC`, `Nombre`, `Paterno`, `Materno`, `Email`, `Unidad_Academica`, `Galardon`, `Asiento`, `Asistencia`, `Observaciones`) VALUES ('MEGC640919', 'Concepción', 'Mejía', 'García', 'kpto_21@hotmail.com', 29, 7, '10R', 0, '');
INSERT INTO `galardonados`.`Galardonado` (`RFC`, `Nombre`, `Paterno`, `Materno`, `Email`, `Unidad_Academica`, `Galardon`, `Asiento`, `Asistencia`, `Observaciones`) VALUES ('GOCL610302', 'Luis Alfonso', 'Godinez', 'Contreras', 'kpto_21@hotmail.com', 29, 7, '11R', 0, '');
INSERT INTO `galardonados`.`Galardonado` (`RFC`, `Nombre`, `Paterno`, `Materno`, `Email`, `Unidad_Academica`, `Galardon`, `Asiento`, `Asistencia`, `Observaciones`) VALUES ('AAOE530715', 'Enrique', 'Anaya', 'Ornelas', 'kpto_21@hotmail.com', 45, 7, '12R', 0, '');
INSERT INTO `galardonados`.`Galardonado` (`RFC`, `Nombre`, `Paterno`, `Materno`, `Email`, `Unidad_Academica`, `Galardon`, `Asiento`, `Asistencia`, `Observaciones`) VALUES ('CAPM560515', 'Manuela', 'Calva', 'Pérez', 'kpto_21@hotmail.com', 45, 7, '13R', 0, '');
INSERT INTO `galardonados`.`Galardonado` (`RFC`, `Nombre`, `Paterno`, `Materno`, `Email`, `Unidad_Academica`, `Galardon`, `Asiento`, `Asistencia`, `Observaciones`) VALUES ('RIFJ621206', 'Javier', 'Rivera', 'Flores', 'kpto_21@hotmail.com', 45, 7, '14R', 0, '');
INSERT INTO `galardonados`.`Galardonado` (`RFC`, `Nombre`, `Paterno`, `Materno`, `Email`, `Unidad_Academica`, `Galardon`, `Asiento`, `Asistencia`, `Observaciones`) VALUES ('VISE630124', 'Enrique', 'Vignati', 'Sánchez', 'kpto_21@hotmail.com', 45, 7, '15R', 0, '');
INSERT INTO `galardonados`.`Galardonado` (`RFC`, `Nombre`, `Paterno`, `Materno`, `Email`, `Unidad_Academica`, `Galardon`, `Asiento`, `Asistencia`, `Observaciones`) VALUES ('FETD600118', 'Dionisio Salomon', 'Fernández', 'Tapia', 'kpto_21@hotmail.com', 45, 7, '16R', 0, '');
INSERT INTO `galardonados`.`Galardonado` (`RFC`, `Nombre`, `Paterno`, `Materno`, `Email`, `Unidad_Academica`, `Galardon`, `Asiento`, `Asistencia`, `Observaciones`) VALUES ('PAYO680604', 'Orlando', 'Palacios', 'Yañez', 'kpto_21@hotmail.com', 41, 7, '17R', 0, '');
INSERT INTO `galardonados`.`Galardonado` (`RFC`, `Nombre`, `Paterno`, `Materno`, `Email`, `Unidad_Academica`, `Galardon`, `Asiento`, `Asistencia`, `Observaciones`) VALUES ('DOAS541112', 'Samuel', 'Dorantes', 'Álvarez', 'kpto_21@hotmail.com', 41, 7, '18R', 0, '');
INSERT INTO `galardonados`.`Galardonado` (`RFC`, `Nombre`, `Paterno`, `Materno`, `Email`, `Unidad_Academica`, `Galardon`, `Asiento`, `Asistencia`, `Observaciones`) VALUES ('GACG621104', 'Gonzalo', 'Galvez', 'Coyt', 'kpto_21@hotmail.com', 41, 7, '19R', 0, '');
INSERT INTO `galardonados`.`Galardonado` (`RFC`, `Nombre`, `Paterno`, `Materno`, `Email`, `Unidad_Academica`, `Galardon`, `Asiento`, `Asistencia`, `Observaciones`) VALUES ('SUAS530117', 'Samuel', 'Suazo', 'Abarca', 'kpto_21@hotmail.com', 41, 7, '20R', 0, '');
INSERT INTO `galardonados`.`Galardonado` (`RFC`, `Nombre`, `Paterno`, `Materno`, `Email`, `Unidad_Academica`, `Galardon`, `Asiento`, `Asistencia`, `Observaciones`) VALUES ('COAM650109', 'Miguel Ángel', 'Correa', 'Ascencio', 'kpto_21@hotmail.com', 22, 7, '21R', 0, '');
INSERT INTO `galardonados`.`Galardonado` (`RFC`, `Nombre`, `Paterno`, `Materno`, `Email`, `Unidad_Academica`, `Galardon`, `Asiento`, `Asistencia`, `Observaciones`) VALUES ('GIGJ590910', 'Julia', 'Grijalva', 'García', 'kpto_21@hotmail.com', 22, 7, '22R', 0, '');
INSERT INTO `galardonados`.`Galardonado` (`RFC`, `Nombre`, `Paterno`, `Materno`, `Email`, `Unidad_Academica`, `Galardon`, `Asiento`, `Asistencia`, `Observaciones`) VALUES ('AUMF640309', 'Fernando Raul', 'Aguilar', 'Martínez', 'kpto_21@hotmail.com', 22, 7, '23R', 0, '');
INSERT INTO `galardonados`.`Galardonado` (`RFC`, `Nombre`, `Paterno`, `Materno`, `Email`, `Unidad_Academica`, `Galardon`, `Asiento`, `Asistencia`, `Observaciones`) VALUES ('CAQD650908', 'David Filiberto', 'Calderón', 'Quintana', 'kpto_21@hotmail.com', 22, 7, '24R', 0, '');
INSERT INTO `galardonados`.`Galardonado` (`RFC`, `Nombre`, `Paterno`, `Materno`, `Email`, `Unidad_Academica`, `Galardon`, `Asiento`, `Asistencia`, `Observaciones`) VALUES ('COMS580919', 'José Salvador', 'Contreras', 'Mascota', 'kpto_21@hotmail.com', 22, 7, '25R', 0, '');
INSERT INTO `galardonados`.`Galardonado` (`RFC`, `Nombre`, `Paterno`, `Materno`, `Email`, `Unidad_Academica`, `Galardon`, `Asiento`, `Asistencia`, `Observaciones`) VALUES ('CAGX671023', 'José Alberto', 'Chagolla', 'Guerrero', 'kpto_21@hotmail.com', 22, 7, '1S', 0, '');
INSERT INTO `galardonados`.`Galardonado` (`RFC`, `Nombre`, `Paterno`, `Materno`, `Email`, `Unidad_Academica`, `Galardon`, `Asiento`, `Asistencia`, `Observaciones`) VALUES ('CAGN631226', 'Noe Marina', 'Chagolla', 'Guerrero', 'kpto_21@hotmail.com', 22, 7, '2S', 0, '');
INSERT INTO `galardonados`.`Galardonado` (`RFC`, `Nombre`, `Paterno`, `Materno`, `Email`, `Unidad_Academica`, `Galardon`, `Asiento`, `Asistencia`, `Observaciones`) VALUES ('DUVM620927', 'Mónica', 'Durán', 'Velasco', 'kpto_21@hotmail.com', 22, 7, '3S', 0, '');
INSERT INTO `galardonados`.`Galardonado` (`RFC`, `Nombre`, `Paterno`, `Materno`, `Email`, `Unidad_Academica`, `Galardon`, `Asiento`, `Asistencia`, `Observaciones`) VALUES ('GAAP490622', 'Paulino', 'García', ' Altamirano', 'kpto_21@hotmail.com', 22, 7, '4S', 0, '');
INSERT INTO `galardonados`.`Galardonado` (`RFC`, `Nombre`, `Paterno`, `Materno`, `Email`, `Unidad_Academica`, `Galardon`, `Asiento`, `Asistencia`, `Observaciones`) VALUES ('HEVO590818', 'Othón Enrique', 'Herrera', 'Villegas', 'kpto_21@hotmail.com', 22, 7, '5S', 0, '');
INSERT INTO `galardonados`.`Galardonado` (`RFC`, `Nombre`, `Paterno`, `Materno`, `Email`, `Unidad_Academica`, `Galardon`, `Asiento`, `Asistencia`, `Observaciones`) VALUES ('MOAC651030', 'Carlos', 'Moreno', 'Ayala', 'kpto_21@hotmail.com', 22, 7, '6S', 0, '');
INSERT INTO `galardonados`.`Galardonado` (`RFC`, `Nombre`, `Paterno`, `Materno`, `Email`, `Unidad_Academica`, `Galardon`, `Asiento`, `Asistencia`, `Observaciones`) VALUES ('PEMI611213', 'Isaac', 'Perusquia', 'Medina', 'kpto_21@hotmail.com', 22, 7, '7S', 0, '');
INSERT INTO `galardonados`.`Galardonado` (`RFC`, `Nombre`, `Paterno`, `Materno`, `Email`, `Unidad_Academica`, `Galardon`, `Asiento`, `Asistencia`, `Observaciones`) VALUES ('RARE551026', 'Evaristo Gabino', 'Ramírez', 'Rojas', 'kpto_21@hotmail.com', 22, 7, '8S', 0, '');
INSERT INTO `galardonados`.`Galardonado` (`RFC`, `Nombre`, `Paterno`, `Materno`, `Email`, `Unidad_Academica`, `Galardon`, `Asiento`, `Asistencia`, `Observaciones`) VALUES ('ROLA460505', 'Ángel', 'Rodríguez', 'y Leyva', 'kpto_21@hotmail.com', 22, 7, '9S', 0, '');
INSERT INTO `galardonados`.`Galardonado` (`RFC`, `Nombre`, `Paterno`, `Materno`, `Email`, `Unidad_Academica`, `Galardon`, `Asiento`, `Asistencia`, `Observaciones`) VALUES ('SOCR591028', 'Rosa Gabriela', 'Sotelo', 'Candelaria', 'kpto_21@hotmail.com', 22, 7, '10S', 0, '');
INSERT INTO `galardonados`.`Galardonado` (`RFC`, `Nombre`, `Paterno`, `Materno`, `Email`, `Unidad_Academica`, `Galardon`, `Asiento`, `Asistencia`, `Observaciones`) VALUES ('VAAL680202', 'María de Lourdes', 'Valdes', 'Alcantar', 'kpto_21@hotmail.com', 22, 7, '11S', 0, '');
INSERT INTO `galardonados`.`Galardonado` (`RFC`, `Nombre`, `Paterno`, `Materno`, `Email`, `Unidad_Academica`, `Galardon`, `Asiento`, `Asistencia`, `Observaciones`) VALUES ('AUCJ600223', 'Jesús Raúl', 'Aguilar', 'Caballero', 'kpto_21@hotmail.com', 22, 7, '12S', 0, '');
INSERT INTO `galardonados`.`Galardonado` (`RFC`, `Nombre`, `Paterno`, `Materno`, `Email`, `Unidad_Academica`, `Galardon`, `Asiento`, `Asistencia`, `Observaciones`) VALUES ('CAAE620708', 'Maria Elena', 'Campos', 'Aldrete', 'kpto_21@hotmail.com', 22, 7, '13S', 0, '');
INSERT INTO `galardonados`.`Galardonado` (`RFC`, `Nombre`, `Paterno`, `Materno`, `Email`, `Unidad_Academica`, `Galardon`, `Asiento`, `Asistencia`, `Observaciones`) VALUES ('GUIF610129', 'Fernando Martín', 'Guerra', 'Infante', 'kpto_21@hotmail.com', 22, 7, '14S', 0, '');
INSERT INTO `galardonados`.`Galardonado` (`RFC`, `Nombre`, `Paterno`, `Materno`, `Email`, `Unidad_Academica`, `Galardon`, `Asiento`, `Asistencia`, `Observaciones`) VALUES ('RIJR571220', 'Rosa María', 'Ribas', 'Jaimes', 'kpto_21@hotmail.com', 22, 7, '15S', 0, '');
INSERT INTO `galardonados`.`Galardonado` (`RFC`, `Nombre`, `Paterno`, `Materno`, `Email`, `Unidad_Academica`, `Galardon`, `Asiento`, `Asistencia`, `Observaciones`) VALUES ('SARL560604', 'Laura Patricia', 'Salas ', 'Salas Rangel', 'kpto_21@hotmail.com', 22, 7, '16S', 0, '');
INSERT INTO `galardonados`.`Galardonado` (`RFC`, `Nombre`, `Paterno`, `Materno`, `Email`, `Unidad_Academica`, `Galardon`, `Asiento`, `Asistencia`, `Observaciones`) VALUES ('LOAP630409', 'Pedro Antonio', 'Loyola', 'Abitia', 'kpto_21@hotmail.com', 22, 7, '17S', 0, '');
INSERT INTO `galardonados`.`Galardonado` (`RFC`, `Nombre`, `Paterno`, `Materno`, `Email`, `Unidad_Academica`, `Galardon`, `Asiento`, `Asistencia`, `Observaciones`) VALUES ('NACF571118', 'Francisco ', 'Nava', 'Cervantes', 'kpto_21@hotmail.com', 22, 7, '18S', 0, '');
INSERT INTO `galardonados`.`Galardonado` (`RFC`, `Nombre`, `Paterno`, `Materno`, `Email`, `Unidad_Academica`, `Galardon`, `Asiento`, `Asistencia`, `Observaciones`) VALUES ('AUFB570717', 'Blanca Rosa', 'Aguilar ', 'Aguilar Figueroa', 'kpto_21@hotmail.com', 22, 7, '19S', 0, '');
INSERT INTO `galardonados`.`Galardonado` (`RFC`, `Nombre`, `Paterno`, `Materno`, `Email`, `Unidad_Academica`, `Galardon`, `Asiento`, `Asistencia`, `Observaciones`) VALUES ('MAGJ611102', 'Juan Carlos', 'Mares', 'Gutiérrez', 'kpto_21@hotmail.com', 22, 7, '20S', 0, '');
INSERT INTO `galardonados`.`Galardonado` (`RFC`, `Nombre`, `Paterno`, `Materno`, `Email`, `Unidad_Academica`, `Galardon`, `Asiento`, `Asistencia`, `Observaciones`) VALUES ('SATR610723', 'María del Rosario', 'Salinas', 'Tobón', 'kpto_21@hotmail.com', 22, 7, '21S', 0, '');
INSERT INTO `galardonados`.`Galardonado` (`RFC`, `Nombre`, `Paterno`, `Materno`, `Email`, `Unidad_Academica`, `Galardon`, `Asiento`, `Asistencia`, `Observaciones`) VALUES ('HEAJ480905', 'Jesús', 'Herrnández', 'Almaguer', 'kpto_21@hotmail.com', 39, 7, '22S', 0, '');
INSERT INTO `galardonados`.`Galardonado` (`RFC`, `Nombre`, `Paterno`, `Materno`, `Email`, `Unidad_Academica`, `Galardon`, `Asiento`, `Asistencia`, `Observaciones`) VALUES ('CUPA641214', 'Alejandro', 'Cruz', 'Paniagua', 'kpto_21@hotmail.com', 39, 7, '23S', 0, '');
INSERT INTO `galardonados`.`Galardonado` (`RFC`, `Nombre`, `Paterno`, `Materno`, `Email`, `Unidad_Academica`, `Galardon`, `Asiento`, `Asistencia`, `Observaciones`) VALUES ('CAGD601102', 'Diana Rocío', 'Castañeda', 'García', 'kpto_21@hotmail.com', 39, 7, '24S', 0, '');
INSERT INTO `galardonados`.`Galardonado` (`RFC`, `Nombre`, `Paterno`, `Materno`, `Email`, `Unidad_Academica`, `Galardon`, `Asiento`, `Asistencia`, `Observaciones`) VALUES ('BUMM681026', 'Miguel Alejandro', ' Buendía', 'Meneses', 'kpto_21@hotmail.com', 39, 7, '25S', 0, '');
INSERT INTO `galardonados`.`Galardonado` (`RFC`, `Nombre`, `Paterno`, `Materno`, `Email`, `Unidad_Academica`, `Galardon`, `Asiento`, `Asistencia`, `Observaciones`) VALUES ('RORS491127', 'Santiago', 'Rodríguez', 'Rojas', 'kpto_21@hotmail.com', 39, 7, '1T', 0, '');
INSERT INTO `galardonados`.`Galardonado` (`RFC`, `Nombre`, `Paterno`, `Materno`, `Email`, `Unidad_Academica`, `Galardon`, `Asiento`, `Asistencia`, `Observaciones`) VALUES ('REBS560910', 'Sergio', 'Rea', 'Blanquet', 'kpto_21@hotmail.com', 39, 7, '2T', 0, '');
INSERT INTO `galardonados`.`Galardonado` (`RFC`, `Nombre`, `Paterno`, `Materno`, `Email`, `Unidad_Academica`, `Galardon`, `Asiento`, `Asistencia`, `Observaciones`) VALUES ('PISJ580125', 'Juventino', 'Pineda', 'Sánchez', 'kpto_21@hotmail.com', 39, 7, '3T', 0, '');
INSERT INTO `galardonados`.`Galardonado` (`RFC`, `Nombre`, `Paterno`, `Materno`, `Email`, `Unidad_Academica`, `Galardon`, `Asiento`, `Asistencia`, `Observaciones`) VALUES ('PEME560514', 'Enedino', 'Pérez', 'Mendoza', 'kpto_21@hotmail.com', 39, 7, '4T', 0, '');
INSERT INTO `galardonados`.`Galardonado` (`RFC`, `Nombre`, `Paterno`, `Materno`, `Email`, `Unidad_Academica`, `Galardon`, `Asiento`, `Asistencia`, `Observaciones`) VALUES ('LOCS670617', 'Salvador', 'López', 'Chávez', 'kpto_21@hotmail.com', 39, 7, '5T', 0, '');
INSERT INTO `galardonados`.`Galardonado` (`RFC`, `Nombre`, `Paterno`, `Materno`, `Email`, `Unidad_Academica`, `Galardon`, `Asiento`, `Asistencia`, `Observaciones`) VALUES ('CACJ361020', 'Juan', 'Castro', 'Carrillo', 'kpto_21@hotmail.com', 39, 7, '6T', 0, '');
INSERT INTO `galardonados`.`Galardonado` (`RFC`, `Nombre`, `Paterno`, `Materno`, `Email`, `Unidad_Academica`, `Galardon`, `Asiento`, `Asistencia`, `Observaciones`) VALUES ('CADB581204', 'Blanca Leticia', 'Callejas', ' Dávila', 'kpto_21@hotmail.com', 39, 7, '7T', 0, '');
INSERT INTO `galardonados`.`Galardonado` (`RFC`, `Nombre`, `Paterno`, `Materno`, `Email`, `Unidad_Academica`, `Galardon`, `Asiento`, `Asistencia`, `Observaciones`) VALUES ('KEML370228', 'Leonel', 'Kelly', 'Mexia', 'kpto_21@hotmail.com', 39, 7, '8T', 0, '');
INSERT INTO `galardonados`.`Galardonado` (`RFC`, `Nombre`, `Paterno`, `Materno`, `Email`, `Unidad_Academica`, `Galardon`, `Asiento`, `Asistencia`, `Observaciones`) VALUES ('VESG530225', 'Guillermo', 'Velazquez', 'Samano', 'kpto_21@hotmail.com', 39, 7, '9T', 0, '');
INSERT INTO `galardonados`.`Galardonado` (`RFC`, `Nombre`, `Paterno`, `Materno`, `Email`, `Unidad_Academica`, `Galardon`, `Asiento`, `Asistencia`, `Observaciones`) VALUES ('ZASE420615', 'Etelvina', ' Zavala', 'Suárez', 'kpto_21@hotmail.com', 39, 7, '10T', 0, '');
INSERT INTO `galardonados`.`Galardonado` (`RFC`, `Nombre`, `Paterno`, `Materno`, `Email`, `Unidad_Academica`, `Galardon`, `Asiento`, `Asistencia`, `Observaciones`) VALUES ('PAGI560421', 'Ixtaccihuatl Alejandra', 'Padilla', 'García', 'kpto_21@hotmail.com', 39, 7, '11T', 0, '');
INSERT INTO `galardonados`.`Galardonado` (`RFC`, `Nombre`, `Paterno`, `Materno`, `Email`, `Unidad_Academica`, `Galardon`, `Asiento`, `Asistencia`, `Observaciones`) VALUES ('AIVJ410529', 'Jorge Arturo', 'Aviña', 'Valencia', 'kpto_21@hotmail.com', 39, 7, '12T', 0, '');
INSERT INTO `galardonados`.`Galardonado` (`RFC`, `Nombre`, `Paterno`, `Materno`, `Email`, `Unidad_Academica`, `Galardon`, `Asiento`, `Asistencia`, `Observaciones`) VALUES ('GUMG560331', 'Gloria', 'Gutierrez', 'Menchaca', 'kpto_21@hotmail.com', 39, 7, '13T', 0, '');
INSERT INTO `galardonados`.`Galardonado` (`RFC`, `Nombre`, `Paterno`, `Materno`, `Email`, `Unidad_Academica`, `Galardon`, `Asiento`, `Asistencia`, `Observaciones`) VALUES ('GOHG580525', 'Gregorio', 'Gómez', 'Hernández', 'kpto_21@hotmail.com', 39, 7, '14T', 0, '');
INSERT INTO `galardonados`.`Galardonado` (`RFC`, `Nombre`, `Paterno`, `Materno`, `Email`, `Unidad_Academica`, `Galardon`, `Asiento`, `Asistencia`, `Observaciones`) VALUES ('BEHJ600304', 'Judith', 'Benitez', 'Hernández', 'kpto_21@hotmail.com', 39, 7, '15T', 0, '');
INSERT INTO `galardonados`.`Galardonado` (`RFC`, `Nombre`, `Paterno`, `Materno`, `Email`, `Unidad_Academica`, `Galardon`, `Asiento`, `Asistencia`, `Observaciones`) VALUES ('FAGA530612', 'Armando', 'Frausto', 'Guerrero', 'kpto_21@hotmail.com', 39, 7, '16T', 0, '');
INSERT INTO `galardonados`.`Galardonado` (`RFC`, `Nombre`, `Paterno`, `Materno`, `Email`, `Unidad_Academica`, `Galardon`, `Asiento`, `Asistencia`, `Observaciones`) VALUES ('GAAN560517', 'Nadia', 'Garín', 'Aguilar', 'kpto_21@hotmail.com', 39, 7, '17T', 0, '');
INSERT INTO `galardonados`.`Galardonado` (`RFC`, `Nombre`, `Paterno`, `Materno`, `Email`, `Unidad_Academica`, `Galardon`, `Asiento`, `Asistencia`, `Observaciones`) VALUES ('IIAY431021', 'Yolanda', 'Iriarte', 'Arteaga', 'kpto_21@hotmail.com', 23, 7, '18T', 0, '');
INSERT INTO `galardonados`.`Galardonado` (`RFC`, `Nombre`, `Paterno`, `Materno`, `Email`, `Unidad_Academica`, `Galardon`, `Asiento`, `Asistencia`, `Observaciones`) VALUES ('HEGB680314', 'Benito', 'Hernández', 'García', 'kpto_21@hotmail.com', 23, 7, '19T', 0, '');
INSERT INTO `galardonados`.`Galardonado` (`RFC`, `Nombre`, `Paterno`, `Materno`, `Email`, `Unidad_Academica`, `Galardon`, `Asiento`, `Asistencia`, `Observaciones`) VALUES ('MOAS610429', 'Sofía Beatríz', 'Moreno', 'Acosta', 'kpto_21@hotmail.com', 23, 7, '20T', 0, '');
INSERT INTO `galardonados`.`Galardonado` (`RFC`, `Nombre`, `Paterno`, `Materno`, `Email`, `Unidad_Academica`, `Galardon`, `Asiento`, `Asistencia`, `Observaciones`) VALUES ('OOLC571220', 'Crisóforo', 'Ordoñes', 'López', 'kpto_21@hotmail.com', 23, 7, '21T', 0, '');
INSERT INTO `galardonados`.`Galardonado` (`RFC`, `Nombre`, `Paterno`, `Materno`, `Email`, `Unidad_Academica`, `Galardon`, `Asiento`, `Asistencia`, `Observaciones`) VALUES ('ROHL600403', 'Lucía', 'Román', 'Hinojosa', 'kpto_21@hotmail.com', 20, 7, '22T', 0, '');
INSERT INTO `galardonados`.`Galardonado` (`RFC`, `Nombre`, `Paterno`, `Materno`, `Email`, `Unidad_Academica`, `Galardon`, `Asiento`, `Asistencia`, `Observaciones`) VALUES ('PURP650517', 'Pascual', 'Puebla', 'Robles ', 'kpto_21@hotmail.com', 21, 7, '23T', 0, '');
INSERT INTO `galardonados`.`Galardonado` (`RFC`, `Nombre`, `Paterno`, `Materno`, `Email`, `Unidad_Academica`, `Galardon`, `Asiento`, `Asistencia`, `Observaciones`) VALUES ('LOVS570524', 'Susana', 'López', 'Valenzuela', 'kpto_21@hotmail.com', 21, 7, '24T', 0, '');
INSERT INTO `galardonados`.`Galardonado` (`RFC`, `Nombre`, `Paterno`, `Materno`, `Email`, `Unidad_Academica`, `Galardon`, `Asiento`, `Asistencia`, `Observaciones`) VALUES ('MOCB620227', 'Baldomero', 'Morales', 'Campos', 'kpto_21@hotmail.com', 21, 7, '25T', 0, '');
INSERT INTO `galardonados`.`Galardonado` (`RFC`, `Nombre`, `Paterno`, `Materno`, `Email`, `Unidad_Academica`, `Galardon`, `Asiento`, `Asistencia`, `Observaciones`) VALUES ('ZACM620126', 'Ma. Elena', 'Zavala', 'Castillo', 'kpto_21@hotmail.com', 21, 7, '1U', 0, '');
INSERT INTO `galardonados`.`Galardonado` (`RFC`, `Nombre`, `Paterno`, `Materno`, `Email`, `Unidad_Academica`, `Galardon`, `Asiento`, `Asistencia`, `Observaciones`) VALUES ('CAMA630623', 'José Armando', 'Campos', 'Martínez', 'kpto_21@hotmail.com', 24, 7, '2U', 0, '');
INSERT INTO `galardonados`.`Galardonado` (`RFC`, `Nombre`, `Paterno`, `Materno`, `Email`, `Unidad_Academica`, `Galardon`, `Asiento`, `Asistencia`, `Observaciones`) VALUES ('BUGT430510', 'Maria Teresa', 'Bustamante', 'García', 'kpto_21@hotmail.com', 24, 7, '3U', 0, '');
INSERT INTO `galardonados`.`Galardonado` (`RFC`, `Nombre`, `Paterno`, `Materno`, `Email`, `Unidad_Academica`, `Galardon`, `Asiento`, `Asistencia`, `Observaciones`) VALUES ('RORO370912', 'Octavio', 'Rojas', 'Rodriguez', 'kpto_21@hotmail.com', 24, 7, '4U', 0, '');
INSERT INTO `galardonados`.`Galardonado` (`RFC`, `Nombre`, `Paterno`, `Materno`, `Email`, `Unidad_Academica`, `Galardon`, `Asiento`, `Asistencia`, `Observaciones`) VALUES ('PUEG530218', 'Griselda', 'Puebla', 'Espinosa', 'kpto_21@hotmail.com', 24, 7, '5U', 0, '');
INSERT INTO `galardonados`.`Galardonado` (`RFC`, `Nombre`, `Paterno`, `Materno`, `Email`, `Unidad_Academica`, `Galardon`, `Asiento`, `Asistencia`, `Observaciones`) VALUES ('HEHS611127', 'Santa Adriana', 'Hernandez', 'Hernandez', 'kpto_21@hotmail.com', 24, 7, '6U', 0, '');
INSERT INTO `galardonados`.`Galardonado` (`RFC`, `Nombre`, `Paterno`, `Materno`, `Email`, `Unidad_Academica`, `Galardon`, `Asiento`, `Asistencia`, `Observaciones`) VALUES ('HUAF470205', 'Felipe Placido', 'Hueramo', 'Acosta', 'kpto_21@hotmail.com', 24, 7, '7U', 0, '');
INSERT INTO `galardonados`.`Galardonado` (`RFC`, `Nombre`, `Paterno`, `Materno`, `Email`, `Unidad_Academica`, `Galardon`, `Asiento`, `Asistencia`, `Observaciones`) VALUES ('NAHG510514', 'Gerardo Bonifacio', 'Nava', 'Hernandez', 'kpto_21@hotmail.com', 24, 7, '8U', 0, '');
INSERT INTO `galardonados`.`Galardonado` (`RFC`, `Nombre`, `Paterno`, `Materno`, `Email`, `Unidad_Academica`, `Galardon`, `Asiento`, `Asistencia`, `Observaciones`) VALUES ('GUGC640225', 'Cesareo', 'Guillén', 'García', 'kpto_21@hotmail.com', 25, 7, '9U', 0, '');
INSERT INTO `galardonados`.`Galardonado` (`RFC`, `Nombre`, `Paterno`, `Materno`, `Email`, `Unidad_Academica`, `Galardon`, `Asiento`, `Asistencia`, `Observaciones`) VALUES ('PEMV670606', 'Venustiano', 'Pérez', 'Medina', 'kpto_21@hotmail.com', 25, 7, '10U', 0, '');
INSERT INTO `galardonados`.`Galardonado` (`RFC`, `Nombre`, `Paterno`, `Materno`, `Email`, `Unidad_Academica`, `Galardon`, `Asiento`, `Asistencia`, `Observaciones`) VALUES ('PEMV670606', 'José Luis', 'Ramírez', 'Contreras ', 'kpto_21@hotmail.com', 25, 7, '11U', 0, '');
INSERT INTO `galardonados`.`Galardonado` (`RFC`, `Nombre`, `Paterno`, `Materno`, `Email`, `Unidad_Academica`, `Galardon`, `Asiento`, `Asistencia`, `Observaciones`) VALUES ('ROSA580505', 'José Artemio', 'Rodríguez', 'Salas', 'kpto_21@hotmail.com', 25, 7, '12U', 0, '');
INSERT INTO `galardonados`.`Galardonado` (`RFC`, `Nombre`, `Paterno`, `Materno`, `Email`, `Unidad_Academica`, `Galardon`, `Asiento`, `Asistencia`, `Observaciones`) VALUES ('SABM670425', 'Marcos', 'Salazar', 'Bolaños', 'kpto_21@hotmail.com', 25, 7, '13U', 0, '');
INSERT INTO `galardonados`.`Galardonado` (`RFC`, `Nombre`, `Paterno`, `Materno`, `Email`, `Unidad_Academica`, `Galardon`, `Asiento`, `Asistencia`, `Observaciones`) VALUES ('VIRE550813', 'Enrique', 'Villaseñor', 'Rosas', 'kpto_21@hotmail.com', 25, 7, '14U', 0, '');
INSERT INTO `galardonados`.`Galardonado` (`RFC`, `Nombre`, `Paterno`, `Materno`, `Email`, `Unidad_Academica`, `Galardon`, `Asiento`, `Asistencia`, `Observaciones`) VALUES ('MAGJ460629', 'Josefina', 'Martínez', 'Guzmán', 'kpto_21@hotmail.com', 25, 7, '15U', 0, '');
INSERT INTO `galardonados`.`Galardonado` (`RFC`, `Nombre`, `Paterno`, `Materno`, `Email`, `Unidad_Academica`, `Galardon`, `Asiento`, `Asistencia`, `Observaciones`) VALUES ('ROSL540909', 'Laura Catalina', 'Romero', 'Sotomayor', 'kpto_21@hotmail.com', 25, 7, '16U', 0, '');
INSERT INTO `galardonados`.`Galardonado` (`RFC`, `Nombre`, `Paterno`, `Materno`, `Email`, `Unidad_Academica`, `Galardon`, `Asiento`, `Asistencia`, `Observaciones`) VALUES ('GAVS530520', 'Silvia', 'Galicia', 'Villanueva', 'kpto_21@hotmail.com', 25, 7, '17U', 0, '');
INSERT INTO `galardonados`.`Galardonado` (`RFC`, `Nombre`, `Paterno`, `Materno`, `Email`, `Unidad_Academica`, `Galardon`, `Asiento`, `Asistencia`, `Observaciones`) VALUES ('MAJV541230', 'Venustiano', 'Martinez', 'Jimenez', 'kpto_21@hotmail.com', 25, 7, '18U', 0, '');
INSERT INTO `galardonados`.`Galardonado` (`RFC`, `Nombre`, `Paterno`, `Materno`, `Email`, `Unidad_Academica`, `Galardon`, `Asiento`, `Asistencia`, `Observaciones`) VALUES ('REMH610209', 'Heriberto', 'Reyes', 'Mantilla', 'kpto_21@hotmail.com', 27, 7, '19U', 0, '');
INSERT INTO `galardonados`.`Galardonado` (`RFC`, `Nombre`, `Paterno`, `Materno`, `Email`, `Unidad_Academica`, `Galardon`, `Asiento`, `Asistencia`, `Observaciones`) VALUES ('POPG570126', 'Graciela', 'Portillo', 'Padilla', 'kpto_21@hotmail.com', 27, 7, '20U', 0, '');
INSERT INTO `galardonados`.`Galardonado` (`RFC`, `Nombre`, `Paterno`, `Materno`, `Email`, `Unidad_Academica`, `Galardon`, `Asiento`, `Asistencia`, `Observaciones`) VALUES ('SARA500917', 'Alberto', 'Sandoval', 'Romero', 'kpto_21@hotmail.com', 27, 7, '21U', 0, '');
INSERT INTO `galardonados`.`Galardonado` (`RFC`, `Nombre`, `Paterno`, `Materno`, `Email`, `Unidad_Academica`, `Galardon`, `Asiento`, `Asistencia`, `Observaciones`) VALUES ('MOMA540122', 'Armando', 'Morales', 'Meza', 'kpto_21@hotmail.com', 27, 7, '22U', 0, '');
INSERT INTO `galardonados`.`Galardonado` (`RFC`, `Nombre`, `Paterno`, `Materno`, `Email`, `Unidad_Academica`, `Galardon`, `Asiento`, `Asistencia`, `Observaciones`) VALUES ('SEPS580912', 'María Sara', 'Serrano', 'Perez', 'kpto_21@hotmail.com', 27, 7, '23U', 0, '');
INSERT INTO `galardonados`.`Galardonado` (`RFC`, `Nombre`, `Paterno`, `Materno`, `Email`, `Unidad_Academica`, `Galardon`, `Asiento`, `Asistencia`, `Observaciones`) VALUES ('GOMJ590712', 'Juana', 'González', 'Monroy', 'kpto_21@hotmail.com', 40, 7, '24U', 0, '');
INSERT INTO `galardonados`.`Galardonado` (`RFC`, `Nombre`, `Paterno`, `Materno`, `Email`, `Unidad_Academica`, `Galardon`, `Asiento`, `Asistencia`, `Observaciones`) VALUES ('TORR491029', 'Rebeca', 'Tovar', 'Ramírez', 'kpto_21@hotmail.com', 40, 7, '25U', 0, '');
INSERT INTO `galardonados`.`Galardonado` (`RFC`, `Nombre`, `Paterno`, `Materno`, `Email`, `Unidad_Academica`, `Galardon`, `Asiento`, `Asistencia`, `Observaciones`) VALUES ('MORJ410214', 'Juan Bautista', 'Morales', 'Rodriguez', 'kpto_21@hotmail.com', 40, 7, '1V', 0, '');
INSERT INTO `galardonados`.`Galardonado` (`RFC`, `Nombre`, `Paterno`, `Materno`, `Email`, `Unidad_Academica`, `Galardon`, `Asiento`, `Asistencia`, `Observaciones`) VALUES ('BEFG410730', 'José Guadalupe', 'Becerra', 'Ferreyra', 'kpto_21@hotmail.com', 40, 7, '2V', 0, '');
INSERT INTO `galardonados`.`Galardonado` (`RFC`, `Nombre`, `Paterno`, `Materno`, `Email`, `Unidad_Academica`, `Galardon`, `Asiento`, `Asistencia`, `Observaciones`) VALUES ('GAAS600109', 'Silva', 'Gallegos', ' Alcantara', 'kpto_21@hotmail.com', 40, 7, '3V', 0, '');
INSERT INTO `galardonados`.`Galardonado` (`RFC`, `Nombre`, `Paterno`, `Materno`, `Email`, `Unidad_Academica`, `Galardon`, `Asiento`, `Asistencia`, `Observaciones`) VALUES ('VARC580808', 'María del Consuelo', 'Vázquez', 'Romero', 'kpto_21@hotmail.com', 26, 7, '4V', 0, '');
INSERT INTO `galardonados`.`Galardonado` (`RFC`, `Nombre`, `Paterno`, `Materno`, `Email`, `Unidad_Academica`, `Galardon`, `Asiento`, `Asistencia`, `Observaciones`) VALUES ('BANL531018', 'Laura Leticia', 'Barrera', 'Necha', 'kpto_21@hotmail.com', 48, 7, '5V', 0, '');
INSERT INTO `galardonados`.`Galardonado` (`RFC`, `Nombre`, `Paterno`, `Materno`, `Email`, `Unidad_Academica`, `Galardon`, `Asiento`, `Asistencia`, `Observaciones`) VALUES ('CAVM560102', 'Macario', 'Camacho', 'Valdez', 'kpto_21@hotmail.com', 59, 7, '6V', 0, '');
INSERT INTO `galardonados`.`Galardonado` (`RFC`, `Nombre`, `Paterno`, `Materno`, `Email`, `Unidad_Academica`, `Galardon`, `Asiento`, `Asistencia`, `Observaciones`) VALUES ('SIGT601109', 'José Teodoro', 'Silva', 'García', 'kpto_21@hotmail.com', 63, 7, '7V', 0, '');
INSERT INTO `galardonados`.`Galardonado` (`RFC`, `Nombre`, `Paterno`, `Materno`, `Email`, `Unidad_Academica`, `Galardon`, `Asiento`, `Asistencia`, `Observaciones`) VALUES ('CUAE610405', 'Emilio Alberto', 'Cruz', 'Aguirre', 'kpto_21@hotmail.com', 62, 7, '8V', 0, '');
INSERT INTO `galardonados`.`Galardonado` (`RFC`, `Nombre`, `Paterno`, `Materno`, `Email`, `Unidad_Academica`, `Galardon`, `Asiento`, `Asistencia`, `Observaciones`) VALUES ('FATE610606', 'Enrique', 'Frasco', 'Tapia', 'kpto_21@hotmail.com', 62, 7, '9V', 0, '');
INSERT INTO `galardonados`.`Galardonado` (`RFC`, `Nombre`, `Paterno`, `Materno`, `Email`, `Unidad_Academica`, `Galardon`, `Asiento`, `Asistencia`, `Observaciones`) VALUES ('MAAC530822', 'Carlos', 'Martínez', 'Álvarez', 'kpto_21@hotmail.com', 62, 7, '10V', 0, '');
INSERT INTO `galardonados`.`Galardonado` (`RFC`, `Nombre`, `Paterno`, `Materno`, `Email`, `Unidad_Academica`, `Galardon`, `Asiento`, `Asistencia`, `Observaciones`) VALUES ('MAGG600807', 'Gabino Alberto', 'Martínez', 'Gutiérrez', 'kpto_21@hotmail.com', 62, 7, '11V', 0, '');
INSERT INTO `galardonados`.`Galardonado` (`RFC`, `Nombre`, `Paterno`, `Materno`, `Email`, `Unidad_Academica`, `Galardon`, `Asiento`, `Asistencia`, `Observaciones`) VALUES ('GUCE590602', 'Maria Eugenia', 'Gutiérrez', 'Castillo', 'kpto_21@hotmail.com', 64, 7, '12V', 0, '');
INSERT INTO `galardonados`.`Galardonado` (`RFC`, `Nombre`, `Paterno`, `Materno`, `Email`, `Unidad_Academica`, `Galardon`, `Asiento`, `Asistencia`, `Observaciones`) VALUES ('FOLD600328', 'Dora María', 'Fonseca', 'López', 'kpto_21@hotmail.com', 52, 7, '13V', 0, '');
INSERT INTO `galardonados`.`Galardonado` (`RFC`, `Nombre`, `Paterno`, `Materno`, `Email`, `Unidad_Academica`, `Galardon`, `Asiento`, `Asistencia`, `Observaciones`) VALUES ('MALS631205', 'Sandra Carolina', 'Marín', 'López', 'kpto_21@hotmail.com', 52, 7, '14V', 0, '');
INSERT INTO `galardonados`.`Galardonado` (`RFC`, `Nombre`, `Paterno`, `Materno`, `Email`, `Unidad_Academica`, `Galardon`, `Asiento`, `Asistencia`, `Observaciones`) VALUES ('EUMA630826', 'Adolfo', 'Esquivel', 'Martínez', 'kpto_21@hotmail.com', 56, 7, '15V', 0, '');
INSERT INTO `galardonados`.`Galardonado` (`RFC`, `Nombre`, `Paterno`, `Materno`, `Email`, `Unidad_Academica`, `Galardon`, `Asiento`, `Asistencia`, `Observaciones`) VALUES ('SAAM630318', 'Moisés', 'Sánchez', 'Adame', 'kpto_21@hotmail.com', 56, 7, '16V', 0, '');
INSERT INTO `galardonados`.`Galardonado` (`RFC`, `Nombre`, `Paterno`, `Materno`, `Email`, `Unidad_Academica`, `Galardon`, `Asiento`, `Asistencia`, `Observaciones`) VALUES ('GOML560209', 'María Luisa', 'González', 'Moreno', 'kpto_21@hotmail.com', 49, 7, '17V', 0, '');
INSERT INTO `galardonados`.`Galardonado` (`RFC`, `Nombre`, `Paterno`, `Materno`, `Email`, `Unidad_Academica`, `Galardon`, `Asiento`, `Asistencia`, `Observaciones`) VALUES ('AOOE651222', 'Emilio', 'Arroyo', 'Orrala', 'kpto_21@hotmail.com', 49, 7, '18V', 0, '');
INSERT INTO `galardonados`.`Galardonado` (`RFC`, `Nombre`, `Paterno`, `Materno`, `Email`, `Unidad_Academica`, `Galardon`, `Asiento`, `Asistencia`, `Observaciones`) VALUES ('VEAE651027', 'Eduardo', 'Vega', 'Alvarado', 'kpto_21@hotmail.com', 49, 7, '19V', 0, '');
INSERT INTO `galardonados`.`Galardonado` (`RFC`, `Nombre`, `Paterno`, `Materno`, `Email`, `Unidad_Academica`, `Galardon`, `Asiento`, `Asistencia`, `Observaciones`) VALUES ('MITI600219', 'Ignacio', 'Minjares', 'Tarazena', 'kpto_21@hotmail.com', 49, 7, '20V', 0, '');
INSERT INTO `galardonados`.`Galardonado` (`RFC`, `Nombre`, `Paterno`, `Materno`, `Email`, `Unidad_Academica`, `Galardon`, `Asiento`, `Asistencia`, `Observaciones`) VALUES ('CANO650124', 'Oscar', 'Camacho', 'Nieto', 'kpto_21@hotmail.com', 49, 7, '21V', 0, '');
INSERT INTO `galardonados`.`Galardonado` (`RFC`, `Nombre`, `Paterno`, `Materno`, `Email`, `Unidad_Academica`, `Galardon`, `Asiento`, `Asistencia`, `Observaciones`) VALUES ('GORJ580113', 'Juan Carlos', 'González', 'Robles', 'kpto_21@hotmail.com', 49, 7, '22V', 0, '');
INSERT INTO `galardonados`.`Galardonado` (`RFC`, `Nombre`, `Paterno`, `Materno`, `Email`, `Unidad_Academica`, `Galardon`, `Asiento`, `Asistencia`, `Observaciones`) VALUES ('MAPO581026', 'Olga Goretty', 'Mandujano', 'Pérez', 'kpto_21@hotmail.com', 58, 7, '23V', 0, '');
INSERT INTO `galardonados`.`Galardonado` (`RFC`, `Nombre`, `Paterno`, `Materno`, `Email`, `Unidad_Academica`, `Galardon`, `Asiento`, `Asistencia`, `Observaciones`) VALUES ('COJD560226', 'Denise', 'Córdova', 'Just', 'kpto_21@hotmail.com', 101, 7, '24V', 0, '');
INSERT INTO `galardonados`.`Galardonado` (`RFC`, `Nombre`, `Paterno`, `Materno`, `Email`, `Unidad_Academica`, `Galardon`, `Asiento`, `Asistencia`, `Observaciones`) VALUES ('RERN651110', 'Noemí', 'del Real', 'Rodríguez', 'kpto_21@hotmail.com', 102, 7, '25V', 0, '');
INSERT INTO `galardonados`.`Galardonado` (`RFC`, `Nombre`, `Paterno`, `Materno`, `Email`, `Unidad_Academica`, `Galardon`, `Asiento`, `Asistencia`, `Observaciones`) VALUES ('RAGA691007', 'Alicia Marcela', 'Ramírez', 'Guzmán', 'kpto_21@hotmail.com', 102, 7, '1W', 0, '');
INSERT INTO `galardonados`.`Galardonado` (`RFC`, `Nombre`, `Paterno`, `Materno`, `Email`, `Unidad_Academica`, `Galardon`, `Asiento`, `Asistencia`, `Observaciones`) VALUES ('CAVS680901', 'Silvia Lucila', 'Chávez', 'Valdez', 'kpto_21@hotmail.com', 77, 7, '2W', 0, '');
INSERT INTO `galardonados`.`Galardonado` (`RFC`, `Nombre`, `Paterno`, `Materno`, `Email`, `Unidad_Academica`, `Galardon`, `Asiento`, `Asistencia`, `Observaciones`) VALUES ('FARM481129', 'Miguel', 'Franco', 'Romano', 'kpto_21@hotmail.com', 77, 7, '3W', 0, '');
INSERT INTO `galardonados`.`Galardonado` (`RFC`, `Nombre`, `Paterno`, `Materno`, `Email`, `Unidad_Academica`, `Galardon`, `Asiento`, `Asistencia`, `Observaciones`) VALUES ('JUMM651228', 'María Martha', 'Juárez', 'Morales', 'kpto_21@hotmail.com', 77, 7, '4W', 0, '');
INSERT INTO `galardonados`.`Galardonado` (`RFC`, `Nombre`, `Paterno`, `Materno`, `Email`, `Unidad_Academica`, `Galardon`, `Asiento`, `Asistencia`, `Observaciones`) VALUES ('GACH581217', 'Héctor Hugo', 'García', 'Castillo', 'kpto_21@hotmail.com', 79, 7, '5W', 0, '');
INSERT INTO `galardonados`.`Galardonado` (`RFC`, `Nombre`, `Paterno`, `Materno`, `Email`, `Unidad_Academica`, `Galardon`, `Asiento`, `Asistencia`, `Observaciones`) VALUES ('ROOP561012', 'María del Pilar', 'Rodríguez', 'Olmedo', 'kpto_21@hotmail.com', 79, 7, '6W', 0, '');
INSERT INTO `galardonados`.`Galardonado` (`RFC`, `Nombre`, `Paterno`, `Materno`, `Email`, `Unidad_Academica`, `Galardon`, `Asiento`, `Asistencia`, `Observaciones`) VALUES ('ROCG600508', 'Guillermo', 'Romero', 'Carsolio', 'kpto_21@hotmail.com', 79, 7, '7W', 0, '');
INSERT INTO `galardonados`.`Galardonado` (`RFC`, `Nombre`, `Paterno`, `Materno`, `Email`, `Unidad_Academica`, `Galardon`, `Asiento`, `Asistencia`, `Observaciones`) VALUES ('SEGB500831', 'Blanca Rosa', 'Servin', 'Gonzalez', 'kpto_21@hotmail.com', 103, 7, '8W', 0, '');
INSERT INTO `galardonados`.`Galardonado` (`RFC`, `Nombre`, `Paterno`, `Materno`, `Email`, `Unidad_Academica`, `Galardon`, `Asiento`, `Asistencia`, `Observaciones`) VALUES ('OIRG550715', 'Gloria', 'Olivos', 'Rosas', 'kpto_21@hotmail.com', 82, 7, '9W', 0, '');
INSERT INTO `galardonados`.`Galardonado` (`RFC`, `Nombre`, `Paterno`, `Materno`, `Email`, `Unidad_Academica`, `Galardon`, `Asiento`, `Asistencia`, `Observaciones`) VALUES ('QUMR681113', 'Rosa Isela', 'Quiterio', 'Martinez', 'kpto_21@hotmail.com', 83, 7, '10W', 0, '');
INSERT INTO `galardonados`.`Galardonado` (`RFC`, `Nombre`, `Paterno`, `Materno`, `Email`, `Unidad_Academica`, `Galardon`, `Asiento`, `Asistencia`, `Observaciones`) VALUES ('MOHV680927', 'Verónica', 'Morales', 'Hernández', 'kpto_21@hotmail.com', 104, 7, '11W', 0, '');
INSERT INTO `galardonados`.`Galardonado` (`RFC`, `Nombre`, `Paterno`, `Materno`, `Email`, `Unidad_Academica`, `Galardon`, `Asiento`, `Asistencia`, `Observaciones`) VALUES ('SARM501017', 'Margarita del Pilar', 'Sam', 'Rodríguez', 'kpto_21@hotmail.com', 80, 7, '1A', 0, 'No se puede desplazar.');
INSERT INTO `galardonados`.`Galardonado` (`RFC`, `Nombre`, `Paterno`, `Materno`, `Email`, `Unidad_Academica`, `Galardon`, `Asiento`, `Asistencia`, `Observaciones`) VALUES ('GUTF561129', 'Filomeno', 'Gutiérrez', 'Toribio', 'kpto_21@hotmail.com', 80, 7, '13W', 0, '');
INSERT INTO `galardonados`.`Galardonado` (`RFC`, `Nombre`, `Paterno`, `Materno`, `Email`, `Unidad_Academica`, `Galardon`, `Asiento`, `Asistencia`, `Observaciones`) VALUES ('CAAH551119', 'Higinio', 'Carballar', 'Aranda', 'kpto_21@hotmail.com', 84, 7, '14W', 0, '');
INSERT INTO `galardonados`.`Galardonado` (`RFC`, `Nombre`, `Paterno`, `Materno`, `Email`, `Unidad_Academica`, `Galardon`, `Asiento`, `Asistencia`, `Observaciones`) VALUES ('MOSF661214', 'Fernando Javier', 'Montes de Oca', 'Segura', 'kpto_21@hotmail.com', 84, 7, '15W', 0, '');
INSERT INTO `galardonados`.`Galardonado` (`RFC`, `Nombre`, `Paterno`, `Materno`, `Email`, `Unidad_Academica`, `Galardon`, `Asiento`, `Asistencia`, `Observaciones`) VALUES ('SERE560311', 'Erik Gilberto', 'Strevel', 'Roche', 'kpto_21@hotmail.com', 84, 7, '16W', 0, '');
INSERT INTO `galardonados`.`Galardonado` (`RFC`, `Nombre`, `Paterno`, `Materno`, `Email`, `Unidad_Academica`, `Galardon`, `Asiento`, `Asistencia`, `Observaciones`) VALUES ('EEUS570818', 'Sergio Federico', 'Eckstein', 'Ugarte', 'kpto_21@hotmail.com', 85, 7, '17W', 0, '');
INSERT INTO `galardonados`.`Galardonado` (`RFC`, `Nombre`, `Paterno`, `Materno`, `Email`, `Unidad_Academica`, `Galardon`, `Asiento`, `Asistencia`, `Observaciones`) VALUES ('MORE680104', 'Eva', 'Moreno', 'Reyes', 'kpto_21@hotmail.com', 85, 7, '18W', 0, '');
INSERT INTO `galardonados`.`Galardonado` (`RFC`, `Nombre`, `Paterno`, `Materno`, `Email`, `Unidad_Academica`, `Galardon`, `Asiento`, `Asistencia`, `Observaciones`) VALUES ('AASR630322', 'Rosaura', 'Amador', 'Sánchez', 'kpto_21@hotmail.com', 85, 7, '19W', 0, '');
INSERT INTO `galardonados`.`Galardonado` (`RFC`, `Nombre`, `Paterno`, `Materno`, `Email`, `Unidad_Academica`, `Galardon`, `Asiento`, `Asistencia`, `Observaciones`) VALUES ('CACJ600212', 'María de Jesús', 'Calva', 'Calva', 'kpto_21@hotmail.com', 85, 7, '20W', 0, '');
INSERT INTO `galardonados`.`Galardonado` (`RFC`, `Nombre`, `Paterno`, `Materno`, `Email`, `Unidad_Academica`, `Galardon`, `Asiento`, `Asistencia`, `Observaciones`) VALUES ('JUSM570722', 'Magdaleno Rafael', 'Juárez', 'Sánchez', 'kpto_21@hotmail.com', 85, 7, '21W', 0, '');
INSERT INTO `galardonados`.`Galardonado` (`RFC`, `Nombre`, `Paterno`, `Materno`, `Email`, `Unidad_Academica`, `Galardon`, `Asiento`, `Asistencia`, `Observaciones`) VALUES ('TASA630119', 'Adolfo', 'Tapia', 'Sánchez', 'kpto_21@hotmail.com', 85, 7, '22W', 0, '');
INSERT INTO `galardonados`.`Galardonado` (`RFC`, `Nombre`, `Paterno`, `Materno`, `Email`, `Unidad_Academica`, `Galardon`, `Asiento`, `Asistencia`, `Observaciones`) VALUES ('GOCJ540509', 'Jorge', 'Gómez', 'Contreras', 'kpto_21@hotmail.com', 85, 7, '23W', 0, '');
INSERT INTO `galardonados`.`Galardonado` (`RFC`, `Nombre`, `Paterno`, `Materno`, `Email`, `Unidad_Academica`, `Galardon`, `Asiento`, `Asistencia`, `Observaciones`) VALUES ('ROPA550531', 'Ángel', 'Rodríguez', 'Paez', 'kpto_21@hotmail.com', 85, 7, '24W', 0, '');
INSERT INTO `galardonados`.`Galardonado` (`RFC`, `Nombre`, `Paterno`, `Materno`, `Email`, `Unidad_Academica`, `Galardon`, `Asiento`, `Asistencia`, `Observaciones`) VALUES ('VARA570908', 'Adrián', 'Valdez', 'Rodríguez', 'kpto_21@hotmail.com', 89, 7, '25W', 0, '');
INSERT INTO `galardonados`.`Galardonado` (`RFC`, `Nombre`, `Paterno`, `Materno`, `Email`, `Unidad_Academica`, `Galardon`, `Asiento`, `Asistencia`, `Observaciones`) VALUES ('MOVG601118', 'María Guadalupe', 'Morales', 'Vázquez', 'kpto_21@hotmail.com', 74, 7, '1X', 0, '');
INSERT INTO `galardonados`.`Galardonado` (`RFC`, `Nombre`, `Paterno`, `Materno`, `Email`, `Unidad_Academica`, `Galardon`, `Asiento`, `Asistencia`, `Observaciones`) VALUES ('MOIR590502', 'Ricardo', 'Moreno', 'Ibarra', 'kpto_21@hotmail.com', 66, 7, '2X', 0, '');
INSERT INTO `galardonados`.`Galardonado` (`RFC`, `Nombre`, `Paterno`, `Materno`, `Email`, `Unidad_Academica`, `Galardon`, `Asiento`, `Asistencia`, `Observaciones`) VALUES ('OOSN660502', 'Norma Marisol', 'Ordoñez', 'Sánchez', 'kpto_21@hotmail.com', 94, 7, '3X', 0, '');
INSERT INTO `galardonados`.`Galardonado` (`RFC`, `Nombre`, `Paterno`, `Materno`, `Email`, `Unidad_Academica`, `Galardon`, `Asiento`, `Asistencia`, `Observaciones`) VALUES ('PEVM561221', 'Martha', 'Pérez', 'Vargas', 'kpto_21@hotmail.com', 105, 7, '4X', 0, '');
INSERT INTO `galardonados`.`Galardonado` (`RFC`, `Nombre`, `Paterno`, `Materno`, `Email`, `Unidad_Academica`, `Galardon`, `Asiento`, `Asistencia`, `Observaciones`) VALUES ('REGG611025', 'Guadalupe del Socorro', 'Reyes', 'García', 'kpto_21@hotmail.com', 96, 7, '5X', 0, '');
INSERT INTO `galardonados`.`Galardonado` (`RFC`, `Nombre`, `Paterno`, `Materno`, `Email`, `Unidad_Academica`, `Galardon`, `Asiento`, `Asistencia`, `Observaciones`) VALUES ('GAHG471123', 'Gabriel', 'García', 'Hernández', 'oledoenriquez@gmail.com', 4, 8, '6X', 0, '');
INSERT INTO `galardonados`.`Galardonado` (`RFC`, `Nombre`, `Paterno`, `Materno`, `Email`, `Unidad_Academica`, `Galardon`, `Asiento`, `Asistencia`, `Observaciones`) VALUES ('AABS460521', 'Salvador', 'Álvarez', 'Ballesteros', 'oledoenriquez@gmail.com', 30, 8, '7X', 0, '');
INSERT INTO `galardonados`.`Galardonado` (`RFC`, `Nombre`, `Paterno`, `Materno`, `Email`, `Unidad_Academica`, `Galardon`, `Asiento`, `Asistencia`, `Observaciones`) VALUES ('AAMS420723', 'Samuel', 'Alcantara', 'Montes', 'oledoenriquez@gmail.com', 30, 8, '8X', 0, '');
INSERT INTO `galardonados`.`Galardonado` (`RFC`, `Nombre`, `Paterno`, `Materno`, `Email`, `Unidad_Academica`, `Galardon`, `Asiento`, `Asistencia`, `Observaciones`) VALUES ('HERF391001', 'Francisco', 'Hernández', 'Rangel', 'oledoenriquez@gmail.com', 30, 8, '9X', 0, '');
INSERT INTO `galardonados`.`Galardonado` (`RFC`, `Nombre`, `Paterno`, `Materno`, `Email`, `Unidad_Academica`, `Galardon`, `Asiento`, `Asistencia`, `Observaciones`) VALUES ('SAZA451003', 'Alfonso', 'Salazar', 'Zorrilla', 'oledoenriquez@gmail.com', 30, 8, '10X', 0, '');
INSERT INTO `galardonados`.`Galardonado` (`RFC`, `Nombre`, `Paterno`, `Materno`, `Email`, `Unidad_Academica`, `Galardon`, `Asiento`, `Asistencia`, `Observaciones`) VALUES ('BAVD370403', 'Daniel', 'Barajas', 'y Valencia', 'oledoenriquez@gmail.com', 30, 8, '11X', 0, '');
INSERT INTO `galardonados`.`Galardonado` (`RFC`, `Nombre`, `Paterno`, `Materno`, `Email`, `Unidad_Academica`, `Galardon`, `Asiento`, `Asistencia`, `Observaciones`) VALUES ('SALR400622', 'Rafael', 'Sánchez', 'López', 'oledoenriquez@gmail.com', 30, 8, '12X', 0, '');
INSERT INTO `galardonados`.`Galardonado` (`RFC`, `Nombre`, `Paterno`, `Materno`, `Email`, `Unidad_Academica`, `Galardon`, `Asiento`, `Asistencia`, `Observaciones`) VALUES ('TOMM430929', 'Miguel Ángel', 'Toledo', 'Martínez', 'oledoenriquez@gmail.com', 30, 8, '13X', 0, '');
INSERT INTO `galardonados`.`Galardonado` (`RFC`, `Nombre`, `Paterno`, `Materno`, `Email`, `Unidad_Academica`, `Galardon`, `Asiento`, `Asistencia`, `Observaciones`) VALUES ('HEGR450905', 'Rosa Isabel', 'Hernández', 'Gómez', 'oledoenriquez@gmail.com', 32, 8, '14X', 0, '');
INSERT INTO `galardonados`.`Galardonado` (`RFC`, `Nombre`, `Paterno`, `Materno`, `Email`, `Unidad_Academica`, `Galardon`, `Asiento`, `Asistencia`, `Observaciones`) VALUES ('SALM390114', 'Macrino', 'Sánchez', 'Lara', 'oledoenriquez@gmail.com', 32, 8, '15X', 0, '');
INSERT INTO `galardonados`.`Galardonado` (`RFC`, `Nombre`, `Paterno`, `Materno`, `Email`, `Unidad_Academica`, `Galardon`, `Asiento`, `Asistencia`, `Observaciones`) VALUES ('GOVA480616', 'Aurelio', 'Gómez', 'Velázquez', 'oledoenriquez@gmail.com', 32, 8, '16X', 0, '');
INSERT INTO `galardonados`.`Galardonado` (`RFC`, `Nombre`, `Paterno`, `Materno`, `Email`, `Unidad_Academica`, `Galardon`, `Asiento`, `Asistencia`, `Observaciones`) VALUES ('AIRR361024', 'Rafael', 'Ávila', 'Reyes', 'oledoenriquez@gmail.com', 36, 8, '17X', 0, '');
INSERT INTO `galardonados`.`Galardonado` (`RFC`, `Nombre`, `Paterno`, `Materno`, `Email`, `Unidad_Academica`, `Galardon`, `Asiento`, `Asistencia`, `Observaciones`) VALUES ('OUDJ370713', 'José', 'Osuna', 'Díaz', 'oledoenriquez@gmail.com', 36, 8, '18X', 0, '');
INSERT INTO `galardonados`.`Galardonado` (`RFC`, `Nombre`, `Paterno`, `Materno`, `Email`, `Unidad_Academica`, `Galardon`, `Asiento`, `Asistencia`, `Observaciones`) VALUES ('MADG430608', 'Gildardo Carlos', 'Magdaleno', 'Domínguez', 'oledoenriquez@gmail.com', 38, 8, '19X', 0, '');
INSERT INTO `galardonados`.`Galardonado` (`RFC`, `Nombre`, `Paterno`, `Materno`, `Email`, `Unidad_Academica`, `Galardon`, `Asiento`, `Asistencia`, `Observaciones`) VALUES ('GABR450924', 'Rubén Joel', 'García', 'Barajas', 'oledoenriquez@gmail.com', 34, 8, '20X', 0, '');
INSERT INTO `galardonados`.`Galardonado` (`RFC`, `Nombre`, `Paterno`, `Materno`, `Email`, `Unidad_Academica`, `Galardon`, `Asiento`, `Asistencia`, `Observaciones`) VALUES ('XACR421024', 'Rafael', 'Xala', 'Camacho', 'oledoenriquez@gmail.com', 34, 8, '21X', 0, '');
INSERT INTO `galardonados`.`Galardonado` (`RFC`, `Nombre`, `Paterno`, `Materno`, `Email`, `Unidad_Academica`, `Galardon`, `Asiento`, `Asistencia`, `Observaciones`) VALUES ('AOAR441112', 'Roberto Segundo', 'Acosta', 'Abreu', 'oledoenriquez@gmail.com', 29, 8, '22X', 0, '');
INSERT INTO `galardonados`.`Galardonado` (`RFC`, `Nombre`, `Paterno`, `Materno`, `Email`, `Unidad_Academica`, `Galardon`, `Asiento`, `Asistencia`, `Observaciones`) VALUES ('CAGM440225', 'Modesto', 'Cárdenas', 'García ', 'oledoenriquez@gmail.com', 29, 8, '23X', 0, '');
INSERT INTO `galardonados`.`Galardonado` (`RFC`, `Nombre`, `Paterno`, `Materno`, `Email`, `Unidad_Academica`, `Galardon`, `Asiento`, `Asistencia`, `Observaciones`) VALUES ('AUBF470810', 'Fernando', 'Angulo', 'Brown', 'oledoenriquez@gmail.com', 29, 8, '24X', 0, '');
INSERT INTO `galardonados`.`Galardonado` (`RFC`, `Nombre`, `Paterno`, `Materno`, `Email`, `Unidad_Academica`, `Galardon`, `Asiento`, `Asistencia`, `Observaciones`) VALUES ('MESL420327', 'José Luis', 'Mejía', 'Soler', 'oledoenriquez@gmail.com', 29, 8, '25X', 0, '');
INSERT INTO `galardonados`.`Galardonado` (`RFC`, `Nombre`, `Paterno`, `Materno`, `Email`, `Unidad_Academica`, `Galardon`, `Asiento`, `Asistencia`, `Observaciones`) VALUES ('REGJ420909', 'Juan Ignacio', 'Reyes', 'García', 'oledoenriquez@gmail.com', 45, 8, '1Y', 0, '');
INSERT INTO `galardonados`.`Galardonado` (`RFC`, `Nombre`, `Paterno`, `Materno`, `Email`, `Unidad_Academica`, `Galardon`, `Asiento`, `Asistencia`, `Observaciones`) VALUES ('CEMJ490521', 'Jaime', 'Celis', 'Méndez', 'oledoenriquez@gmail.com', 41, 8, '2Y', 0, '');
INSERT INTO `galardonados`.`Galardonado` (`RFC`, `Nombre`, `Paterno`, `Materno`, `Email`, `Unidad_Academica`, `Galardon`, `Asiento`, `Asistencia`, `Observaciones`) VALUES ('EILJ440328', 'Juana Mercedes', 'Espinosa', 'Lara', 'oledoenriquez@gmail.com', 22, 8, '3Y', 0, '');
INSERT INTO `galardonados`.`Galardonado` (`RFC`, `Nombre`, `Paterno`, `Materno`, `Email`, `Unidad_Academica`, `Galardon`, `Asiento`, `Asistencia`, `Observaciones`) VALUES ('MARR450109', 'Rogelio', 'Maldonado', 'Rodríguez', 'oledoenriquez@gmail.com', 22, 8, '4Y', 0, '');
INSERT INTO `galardonados`.`Galardonado` (`RFC`, `Nombre`, `Paterno`, `Materno`, `Email`, `Unidad_Academica`, `Galardon`, `Asiento`, `Asistencia`, `Observaciones`) VALUES ('MECE501109', 'María Estela', 'Melendez', 'Camargo', 'oledoenriquez@gmail.com', 22, 8, '5Y', 0, '');
INSERT INTO `galardonados`.`Galardonado` (`RFC`, `Nombre`, `Paterno`, `Materno`, `Email`, `Unidad_Academica`, `Galardon`, `Asiento`, `Asistencia`, `Observaciones`) VALUES ('AAAJ410118', 'Jorge Helio', 'Altamirano', 'Aguilar', 'oledoenriquez@gmail.com', 22, 8, '6Y', 0, '');
INSERT INTO `galardonados`.`Galardonado` (`RFC`, `Nombre`, `Paterno`, `Materno`, `Email`, `Unidad_Academica`, `Galardon`, `Asiento`, `Asistencia`, `Observaciones`) VALUES ('BEMB431109', 'Blanca Margarita', 'Berdeja', 'Martínez', 'oledoenriquez@gmail.com', 22, 8, '7Y', 0, '');
INSERT INTO `galardonados`.`Galardonado` (`RFC`, `Nombre`, `Paterno`, `Materno`, `Email`, `Unidad_Academica`, `Galardon`, `Asiento`, `Asistencia`, `Observaciones`) VALUES ('GUTA410412', 'Armando', 'Guerra', 'Trejo', 'oledoenriquez@gmail.com', 22, 8, '8Y', 0, '');
INSERT INTO `galardonados`.`Galardonado` (`RFC`, `Nombre`, `Paterno`, `Materno`, `Email`, `Unidad_Academica`, `Galardon`, `Asiento`, `Asistencia`, `Observaciones`) VALUES ('JIGF420129', 'Felipe Ignacio', 'Jiménez', 'García', 'oledoenriquez@gmail.com', 22, 8, '9Y', 0, '');
INSERT INTO `galardonados`.`Galardonado` (`RFC`, `Nombre`, `Paterno`, `Materno`, `Email`, `Unidad_Academica`, `Galardon`, `Asiento`, `Asistencia`, `Observaciones`) VALUES ('VADF430822', 'Filiberto', 'Vázquez', 'Dávila', 'oledoenriquez@gmail.com', 22, 8, '10Y', 0, '');
INSERT INTO `galardonados`.`Galardonado` (`RFC`, `Nombre`, `Paterno`, `Materno`, `Email`, `Unidad_Academica`, `Galardon`, `Asiento`, `Asistencia`, `Observaciones`) VALUES ('ROEO430714', 'Oscar', 'Rojas', 'Espinosa', 'oledoenriquez@gmail.com', 22, 8, '11Y', 0, '');
INSERT INTO `galardonados`.`Galardonado` (`RFC`, `Nombre`, `Paterno`, `Materno`, `Email`, `Unidad_Academica`, `Galardon`, `Asiento`, `Asistencia`, `Observaciones`) VALUES ('RISJ410709', 'Jorge', 'Rivera', 'Salcedo ', 'oledoenriquez@gmail.com', 25, 8, '12Y', 0, '');
INSERT INTO `galardonados`.`Galardonado` (`RFC`, `Nombre`, `Paterno`, `Materno`, `Email`, `Unidad_Academica`, `Galardon`, `Asiento`, `Asistencia`, `Observaciones`) VALUES ('SACG371110', 'Guadalupe', 'Salinas', 'Castillo', 'oledoenriquez@gmail.com', 25, 8, '13Y', 0, '');
INSERT INTO `galardonados`.`Galardonado` (`RFC`, `Nombre`, `Paterno`, `Materno`, `Email`, `Unidad_Academica`, `Galardon`, `Asiento`, `Asistencia`, `Observaciones`) VALUES ('EIVA450412', 'Albertina', 'Espinoza', 'Venegas', 'oledoenriquez@gmail.com', 25, 8, '14Y', 0, '');
INSERT INTO `galardonados`.`Galardonado` (`RFC`, `Nombre`, `Paterno`, `Materno`, `Email`, `Unidad_Academica`, `Galardon`, `Asiento`, `Asistencia`, `Observaciones`) VALUES ('PECA340531', 'Alberto', 'Perez', 'Calderón', 'oledoenriquez@gmail.com', 27, 8, '3A', 0, 'Requiere representante.');
INSERT INTO `galardonados`.`Galardonado` (`RFC`, `Nombre`, `Paterno`, `Materno`, `Email`, `Unidad_Academica`, `Galardon`, `Asiento`, `Asistencia`, `Observaciones`) VALUES ('AERL450609', 'Lucio', 'Alemán', 'Rodríguez', 'oledoenriquez@gmail.com', 20, 8, '16Y', 0, '');
INSERT INTO `galardonados`.`Galardonado` (`RFC`, `Nombre`, `Paterno`, `Materno`, `Email`, `Unidad_Academica`, `Galardon`, `Asiento`, `Asistencia`, `Observaciones`) VALUES ('MAFJ450121', 'José', 'Madrid', 'Flores', 'oledoenriquez@gmail.com', 102, 8, '17Y', 0, '');
INSERT INTO `galardonados`.`Galardonado` (`RFC`, `Nombre`, `Paterno`, `Materno`, `Email`, `Unidad_Academica`, `Galardon`, `Asiento`, `Asistencia`, `Observaciones`) VALUES ('TORM471203', 'Mirta Araceli', 'Toledo', 'Rojas', 'oledoenriquez@gmail.com', 104, 8, '18Y', 0, '');
INSERT INTO `galardonados`.`Galardonado` (`RFC`, `Nombre`, `Paterno`, `Materno`, `Email`, `Unidad_Academica`, `Galardon`, `Asiento`, `Asistencia`, `Observaciones`) VALUES ('MARS461224', 'Salvador', 'Mata', 'Ramírez', 'oledoenriquez@gmail.com', 89, 8, '19Y', 0, '');

COMMIT;

